epsilon,trendsetter_percent,num_agents,weight_q,weight_exp,weight_obs,topology_type,beta,A,B,percent_A,percent_B,emerged
0.05,0,100,0.6,0.3,0.1,toroidal,0.1,99,0,100.0,0.0,Yes
0.05,0,100,0.5,0.4,0.1,toroidal,0.1,99,0,100.0,0.0,Yes
0.05,0,100,0.4,0.4,0.2,toroidal,0.1,99,0,100.0,0.0,Yes
0.05,0,100,0.5,0.2,0.3,toroidal,0.1,99,0,100.0,0.0,Yes
0.05,0,100,0.3,0.5,0.2,toroidal,0.1,99,0,100.0,0.0,Yes
0.05,0,100,0.2,0.6,0.2,toroidal,0.1,88,11,88.88888888888889,11.11111111111111,No
0.05,0,100,0.6,0.2,0.2,toroidal,0.1,99,0,100.0,0.0,Yes
0.05,0,100,0.45,0.45,0.1,toroidal,0.1,99,0,100.0,0.0,Yes
0.05,0,100,0.33,0.33,0.34,toroidal,0.1,99,0,100.0,0.0,Yes
0.05,0,100,0.25,0.5,0.25,toroidal,0.1,99,0,100.0,0.0,Yes
0.05,0,100,0.2,0.4,0.4,toroidal,0.1,99,0,100.0,0.0,Yes
0.05,0,100,0.7,0.2,0.1,toroidal,0.1,99,0,100.0,0.0,Yes
0.05,0,100,0.55,0.25,0.2,toroidal,0.1,99,0,100.0,0.0,Yes
0.05,0,100,0.35,0.5,0.15,toroidal,0.1,99,0,100.0,0.0,Yes
0.05,0,100,0.3,0.4,0.3,toroidal,0.1,99,0,100.0,0.0,Yes
0.05,0,100,0.1,0.7,0.2,toroidal,0.1,73,26,73.73737373737374,26.262626262626263,No
0.05,0,150,0.6,0.3,0.1,toroidal,0.1,149,0,100.0,0.0,Yes
0.05,0,150,0.5,0.4,0.1,toroidal,0.1,149,0,100.0,0.0,Yes
0.05,0,150,0.4,0.4,0.2,toroidal,0.1,149,0,100.0,0.0,Yes
0.05,0,150,0.5,0.2,0.3,toroidal,0.1,149,0,100.0,0.0,Yes
0.05,0,150,0.3,0.5,0.2,toroidal,0.1,149,0,100.0,0.0,Yes
0.05,0,150,0.2,0.6,0.2,toroidal,0.1,136,13,91.2751677852349,8.724832214765101,Yes
0.05,0,150,0.6,0.2,0.2,toroidal,0.1,149,0,100.0,0.0,Yes
0.05,0,150,0.45,0.45,0.1,toroidal,0.1,149,0,100.0,0.0,Yes
0.05,0,150,0.33,0.33,0.34,toroidal,0.1,149,0,100.0,0.0,Yes
0.05,0,150,0.25,0.5,0.25,toroidal,0.1,149,0,100.0,0.0,Yes
0.05,0,150,0.2,0.4,0.4,toroidal,0.1,149,0,100.0,0.0,Yes
0.05,0,150,0.7,0.2,0.1,toroidal,0.1,149,0,100.0,0.0,Yes
0.05,0,150,0.55,0.25,0.2,toroidal,0.1,149,0,100.0,0.0,Yes
0.05,0,150,0.35,0.5,0.15,toroidal,0.1,149,0,100.0,0.0,Yes
0.05,0,150,0.3,0.4,0.3,toroidal,0.1,149,0,100.0,0.0,Yes
0.05,0,150,0.1,0.7,0.2,toroidal,0.1,117,32,78.52348993288591,21.476510067114095,No
0.05,5,100,0.6,0.3,0.1,toroidal,0.1,95,0,100.0,0.0,Yes
0.05,5,100,0.5,0.4,0.1,toroidal,0.1,95,0,100.0,0.0,Yes
0.05,5,100,0.4,0.4,0.2,toroidal,0.1,95,0,100.0,0.0,Yes
0.05,5,100,0.5,0.2,0.3,toroidal,0.1,95,0,100.0,0.0,Yes
0.05,5,100,0.3,0.5,0.2,toroidal,0.1,95,0,100.0,0.0,Yes
0.05,5,100,0.2,0.6,0.2,toroidal,0.1,82,13,86.3157894736842,13.68421052631579,No
0.05,5,100,0.6,0.2,0.2,toroidal,0.1,95,0,100.0,0.0,Yes
0.05,5,100,0.45,0.45,0.1,toroidal,0.1,95,0,100.0,0.0,Yes
0.05,5,100,0.33,0.33,0.34,toroidal,0.1,95,0,100.0,0.0,Yes
0.05,5,100,0.25,0.5,0.25,toroidal,0.1,95,0,100.0,0.0,Yes
0.05,5,100,0.2,0.4,0.4,toroidal,0.1,95,0,100.0,0.0,Yes
0.05,5,100,0.7,0.2,0.1,toroidal,0.1,95,0,100.0,0.0,Yes
0.05,5,100,0.55,0.25,0.2,toroidal,0.1,95,0,100.0,0.0,Yes
0.05,5,100,0.35,0.5,0.15,toroidal,0.1,95,0,100.0,0.0,Yes
0.05,5,100,0.3,0.4,0.3,toroidal,0.1,95,0,100.0,0.0,Yes
0.05,5,100,0.1,0.7,0.2,toroidal,0.1,74,21,77.89473684210526,22.105263157894736,No
0.05,5,150,0.6,0.3,0.1,toroidal,0.1,143,0,100.0,0.0,Yes
0.05,5,150,0.5,0.4,0.1,toroidal,0.1,143,0,100.0,0.0,Yes
0.05,5,150,0.4,0.4,0.2,toroidal,0.1,143,0,100.0,0.0,Yes
0.05,5,150,0.5,0.2,0.3,toroidal,0.1,143,0,100.0,0.0,Yes
0.05,5,150,0.3,0.5,0.2,toroidal,0.1,143,0,100.0,0.0,Yes
0.05,5,150,0.2,0.6,0.2,toroidal,0.1,128,15,89.5104895104895,10.48951048951049,No
0.05,5,150,0.6,0.2,0.2,toroidal,0.1,143,0,100.0,0.0,Yes
0.05,5,150,0.45,0.45,0.1,toroidal,0.1,143,0,100.0,0.0,Yes
0.05,5,150,0.33,0.33,0.34,toroidal,0.1,143,0,100.0,0.0,Yes
0.05,5,150,0.25,0.5,0.25,toroidal,0.1,143,0,100.0,0.0,Yes
0.05,5,150,0.2,0.4,0.4,toroidal,0.1,143,0,100.0,0.0,Yes
0.05,5,150,0.7,0.2,0.1,toroidal,0.1,143,0,100.0,0.0,Yes
0.05,5,150,0.55,0.25,0.2,toroidal,0.1,143,0,100.0,0.0,Yes
0.05,5,150,0.35,0.5,0.15,toroidal,0.1,143,0,100.0,0.0,Yes
0.05,5,150,0.3,0.4,0.3,toroidal,0.1,143,0,100.0,0.0,Yes
0.05,5,150,0.1,0.7,0.2,toroidal,0.1,108,35,75.52447552447552,24.475524475524477,No
0.05,10,100,0.6,0.3,0.1,toroidal,0.1,90,0,100.0,0.0,Yes
0.05,10,100,0.5,0.4,0.1,toroidal,0.1,90,0,100.0,0.0,Yes
0.05,10,100,0.4,0.4,0.2,toroidal,0.1,90,0,100.0,0.0,Yes
0.05,10,100,0.5,0.2,0.3,toroidal,0.1,90,0,100.0,0.0,Yes
0.05,10,100,0.3,0.5,0.2,toroidal,0.1,90,0,100.0,0.0,Yes
0.05,10,100,0.2,0.6,0.2,toroidal,0.1,82,8,91.11111111111111,8.88888888888889,Yes
0.05,10,100,0.6,0.2,0.2,toroidal,0.1,90,0,100.0,0.0,Yes
0.05,10,100,0.45,0.45,0.1,toroidal,0.1,90,0,100.0,0.0,Yes
0.05,10,100,0.33,0.33,0.34,toroidal,0.1,90,0,100.0,0.0,Yes
0.05,10,100,0.25,0.5,0.25,toroidal,0.1,90,0,100.0,0.0,Yes
0.05,10,100,0.2,0.4,0.4,toroidal,0.1,90,0,100.0,0.0,Yes
0.05,10,100,0.7,0.2,0.1,toroidal,0.1,90,0,100.0,0.0,Yes
0.05,10,100,0.55,0.25,0.2,toroidal,0.1,90,0,100.0,0.0,Yes
0.05,10,100,0.35,0.5,0.15,toroidal,0.1,90,0,100.0,0.0,Yes
0.05,10,100,0.3,0.4,0.3,toroidal,0.1,90,0,100.0,0.0,Yes
0.05,10,100,0.1,0.7,0.2,toroidal,0.1,69,21,76.66666666666667,23.333333333333332,No
0.05,10,150,0.6,0.3,0.1,toroidal,0.1,135,0,100.0,0.0,Yes
0.05,10,150,0.5,0.4,0.1,toroidal,0.1,135,0,100.0,0.0,Yes
0.05,10,150,0.4,0.4,0.2,toroidal,0.1,135,0,100.0,0.0,Yes
0.05,10,150,0.5,0.2,0.3,toroidal,0.1,135,0,100.0,0.0,Yes
0.05,10,150,0.3,0.5,0.2,toroidal,0.1,135,0,100.0,0.0,Yes
0.05,10,150,0.2,0.6,0.2,toroidal,0.1,117,18,86.66666666666667,13.333333333333334,No
0.05,10,150,0.6,0.2,0.2,toroidal,0.1,135,0,100.0,0.0,Yes
0.05,10,150,0.45,0.45,0.1,toroidal,0.1,135,0,100.0,0.0,Yes
0.05,10,150,0.33,0.33,0.34,toroidal,0.1,135,0,100.0,0.0,Yes
0.05,10,150,0.25,0.5,0.25,toroidal,0.1,135,0,100.0,0.0,Yes
0.05,10,150,0.2,0.4,0.4,toroidal,0.1,135,0,100.0,0.0,Yes
0.05,10,150,0.7,0.2,0.1,toroidal,0.1,135,0,100.0,0.0,Yes
0.05,10,150,0.55,0.25,0.2,toroidal,0.1,135,0,100.0,0.0,Yes
0.05,10,150,0.35,0.5,0.15,toroidal,0.1,135,0,100.0,0.0,Yes
0.05,10,150,0.3,0.4,0.3,toroidal,0.1,135,0,100.0,0.0,Yes
0.05,10,150,0.1,0.7,0.2,toroidal,0.1,93,42,68.88888888888889,31.11111111111111,No
0.1,0,100,0.6,0.3,0.1,toroidal,0.1,99,0,100.0,0.0,Yes
0.1,0,100,0.5,0.4,0.1,toroidal,0.1,99,0,100.0,0.0,Yes
0.1,0,100,0.4,0.4,0.2,toroidal,0.1,99,0,100.0,0.0,Yes
0.1,0,100,0.5,0.2,0.3,toroidal,0.1,99,0,100.0,0.0,Yes
0.1,0,100,0.3,0.5,0.2,toroidal,0.1,99,0,100.0,0.0,Yes
0.1,0,100,0.2,0.6,0.2,toroidal,0.1,88,11,88.88888888888889,11.11111111111111,No
0.1,0,100,0.6,0.2,0.2,toroidal,0.1,99,0,100.0,0.0,Yes
0.1,0,100,0.45,0.45,0.1,toroidal,0.1,99,0,100.0,0.0,Yes
0.1,0,100,0.33,0.33,0.34,toroidal,0.1,99,0,100.0,0.0,Yes
0.1,0,100,0.25,0.5,0.25,toroidal,0.1,99,0,100.0,0.0,Yes
0.1,0,100,0.2,0.4,0.4,toroidal,0.1,99,0,100.0,0.0,Yes
0.1,0,100,0.7,0.2,0.1,toroidal,0.1,99,0,100.0,0.0,Yes
0.1,0,100,0.55,0.25,0.2,toroidal,0.1,99,0,100.0,0.0,Yes
0.1,0,100,0.35,0.5,0.15,toroidal,0.1,99,0,100.0,0.0,Yes
0.1,0,100,0.3,0.4,0.3,toroidal,0.1,99,0,100.0,0.0,Yes
0.1,0,100,0.1,0.7,0.2,toroidal,0.1,74,25,74.74747474747475,25.252525252525253,No
0.1,0,150,0.6,0.3,0.1,toroidal,0.1,149,0,100.0,0.0,Yes
0.1,0,150,0.5,0.4,0.1,toroidal,0.1,149,0,100.0,0.0,Yes
0.1,0,150,0.4,0.4,0.2,toroidal,0.1,149,0,100.0,0.0,Yes
0.1,0,150,0.5,0.2,0.3,toroidal,0.1,149,0,100.0,0.0,Yes
0.1,0,150,0.3,0.5,0.2,toroidal,0.1,149,0,100.0,0.0,Yes
0.1,0,150,0.2,0.6,0.2,toroidal,0.1,135,14,90.60402684563758,9.395973154362416,Yes
0.1,0,150,0.6,0.2,0.2,toroidal,0.1,149,0,100.0,0.0,Yes
0.1,0,150,0.45,0.45,0.1,toroidal,0.1,149,0,100.0,0.0,Yes
0.1,0,150,0.33,0.33,0.34,toroidal,0.1,149,0,100.0,0.0,Yes
0.1,0,150,0.25,0.5,0.25,toroidal,0.1,149,0,100.0,0.0,Yes
0.1,0,150,0.2,0.4,0.4,toroidal,0.1,149,0,100.0,0.0,Yes
0.1,0,150,0.7,0.2,0.1,toroidal,0.1,149,0,100.0,0.0,Yes
0.1,0,150,0.55,0.25,0.2,toroidal,0.1,149,0,100.0,0.0,Yes
0.1,0,150,0.35,0.5,0.15,toroidal,0.1,149,0,100.0,0.0,Yes
0.1,0,150,0.3,0.4,0.3,toroidal,0.1,149,0,100.0,0.0,Yes
0.1,0,150,0.1,0.7,0.2,toroidal,0.1,110,39,73.8255033557047,26.174496644295303,No
0.1,5,100,0.6,0.3,0.1,toroidal,0.1,95,0,100.0,0.0,Yes
0.1,5,100,0.5,0.4,0.1,toroidal,0.1,95,0,100.0,0.0,Yes
0.1,5,100,0.4,0.4,0.2,toroidal,0.1,95,0,100.0,0.0,Yes
0.1,5,100,0.5,0.2,0.3,toroidal,0.1,95,0,100.0,0.0,Yes
0.1,5,100,0.3,0.5,0.2,toroidal,0.1,95,0,100.0,0.0,Yes
0.1,5,100,0.2,0.6,0.2,toroidal,0.1,89,6,93.6842105263158,6.315789473684211,Yes
0.1,5,100,0.6,0.2,0.2,toroidal,0.1,95,0,100.0,0.0,Yes
0.1,5,100,0.45,0.45,0.1,toroidal,0.1,95,0,100.0,0.0,Yes
0.1,5,100,0.33,0.33,0.34,toroidal,0.1,95,0,100.0,0.0,Yes
0.1,5,100,0.25,0.5,0.25,toroidal,0.1,95,0,100.0,0.0,Yes
0.1,5,100,0.2,0.4,0.4,toroidal,0.1,95,0,100.0,0.0,Yes
0.1,5,100,0.7,0.2,0.1,toroidal,0.1,95,0,100.0,0.0,Yes
0.1,5,100,0.55,0.25,0.2,toroidal,0.1,95,0,100.0,0.0,Yes
0.1,5,100,0.35,0.5,0.15,toroidal,0.1,95,0,100.0,0.0,Yes
0.1,5,100,0.3,0.4,0.3,toroidal,0.1,95,0,100.0,0.0,Yes
0.1,5,100,0.1,0.7,0.2,toroidal,0.1,69,26,72.63157894736842,27.36842105263158,No
0.1,5,150,0.6,0.3,0.1,toroidal,0.1,143,0,100.0,0.0,Yes
0.1,5,150,0.5,0.4,0.1,toroidal,0.1,143,0,100.0,0.0,Yes
0.1,5,150,0.4,0.4,0.2,toroidal,0.1,143,0,100.0,0.0,Yes
0.1,5,150,0.5,0.2,0.3,toroidal,0.1,143,0,100.0,0.0,Yes
0.1,5,150,0.3,0.5,0.2,toroidal,0.1,143,0,100.0,0.0,Yes
0.1,5,150,0.2,0.6,0.2,toroidal,0.1,127,16,88.81118881118881,11.188811188811188,No
0.1,5,150,0.6,0.2,0.2,toroidal,0.1,143,0,100.0,0.0,Yes
0.1,5,150,0.45,0.45,0.1,toroidal,0.1,143,0,100.0,0.0,Yes
0.1,5,150,0.33,0.33,0.34,toroidal,0.1,143,0,100.0,0.0,Yes
0.1,5,150,0.25,0.5,0.25,toroidal,0.1,143,0,100.0,0.0,Yes
0.1,5,150,0.2,0.4,0.4,toroidal,0.1,143,0,100.0,0.0,Yes
0.1,5,150,0.7,0.2,0.1,toroidal,0.1,143,0,100.0,0.0,Yes
0.1,5,150,0.55,0.25,0.2,toroidal,0.1,143,0,100.0,0.0,Yes
0.1,5,150,0.35,0.5,0.15,toroidal,0.1,143,0,100.0,0.0,Yes
0.1,5,150,0.3,0.4,0.3,toroidal,0.1,143,0,100.0,0.0,Yes
0.1,5,150,0.1,0.7,0.2,toroidal,0.1,105,38,73.42657342657343,26.573426573426573,No
0.1,10,100,0.6,0.3,0.1,toroidal,0.1,90,0,100.0,0.0,Yes
0.1,10,100,0.5,0.4,0.1,toroidal,0.1,90,0,100.0,0.0,Yes
0.1,10,100,0.4,0.4,0.2,toroidal,0.1,90,0,100.0,0.0,Yes
0.1,10,100,0.5,0.2,0.3,toroidal,0.1,90,0,100.0,0.0,Yes
0.1,10,100,0.3,0.5,0.2,toroidal,0.1,90,0,100.0,0.0,Yes
0.1,10,100,0.2,0.6,0.2,toroidal,0.1,76,14,84.44444444444444,15.555555555555555,No
0.1,10,100,0.6,0.2,0.2,toroidal,0.1,90,0,100.0,0.0,Yes
0.1,10,100,0.45,0.45,0.1,toroidal,0.1,90,0,100.0,0.0,Yes
0.1,10,100,0.33,0.33,0.34,toroidal,0.1,90,0,100.0,0.0,Yes
0.1,10,100,0.25,0.5,0.25,toroidal,0.1,90,0,100.0,0.0,Yes
0.1,10,100,0.2,0.4,0.4,toroidal,0.1,90,0,100.0,0.0,Yes
0.1,10,100,0.7,0.2,0.1,toroidal,0.1,90,0,100.0,0.0,Yes
0.1,10,100,0.55,0.25,0.2,toroidal,0.1,90,0,100.0,0.0,Yes
0.1,10,100,0.35,0.5,0.15,toroidal,0.1,90,0,100.0,0.0,Yes
0.1,10,100,0.3,0.4,0.3,toroidal,0.1,90,0,100.0,0.0,Yes
0.1,10,100,0.1,0.7,0.2,toroidal,0.1,64,26,71.11111111111111,28.88888888888889,No
0.1,10,150,0.6,0.3,0.1,toroidal,0.1,135,0,100.0,0.0,Yes
0.1,10,150,0.5,0.4,0.1,toroidal,0.1,135,0,100.0,0.0,Yes
0.1,10,150,0.4,0.4,0.2,toroidal,0.1,135,0,100.0,0.0,Yes
0.1,10,150,0.5,0.2,0.3,toroidal,0.1,135,0,100.0,0.0,Yes
0.1,10,150,0.3,0.5,0.2,toroidal,0.1,135,0,100.0,0.0,Yes
0.1,10,150,0.2,0.6,0.2,toroidal,0.1,116,19,85.92592592592592,14.074074074074074,No
0.1,10,150,0.6,0.2,0.2,toroidal,0.1,135,0,100.0,0.0,Yes
0.1,10,150,0.45,0.45,0.1,toroidal,0.1,135,0,100.0,0.0,Yes
0.1,10,150,0.33,0.33,0.34,toroidal,0.1,135,0,100.0,0.0,Yes
0.1,10,150,0.25,0.5,0.25,toroidal,0.1,135,0,100.0,0.0,Yes
0.1,10,150,0.2,0.4,0.4,toroidal,0.1,135,0,100.0,0.0,Yes
0.1,10,150,0.7,0.2,0.1,toroidal,0.1,135,0,100.0,0.0,Yes
0.1,10,150,0.55,0.25,0.2,toroidal,0.1,135,0,100.0,0.0,Yes
0.1,10,150,0.35,0.5,0.15,toroidal,0.1,135,0,100.0,0.0,Yes
0.1,10,150,0.3,0.4,0.3,toroidal,0.1,135,0,100.0,0.0,Yes
0.1,10,150,0.1,0.7,0.2,toroidal,0.1,103,32,76.29629629629629,23.703703703703702,No
0.15,0,100,0.6,0.3,0.1,toroidal,0.1,99,0,100.0,0.0,Yes
0.15,0,100,0.5,0.4,0.1,toroidal,0.1,99,0,100.0,0.0,Yes
0.15,0,100,0.4,0.4,0.2,toroidal,0.1,99,0,100.0,0.0,Yes
0.15,0,100,0.5,0.2,0.3,toroidal,0.1,99,0,100.0,0.0,Yes
0.15,0,100,0.3,0.5,0.2,toroidal,0.1,99,0,100.0,0.0,Yes
0.15,0,100,0.2,0.6,0.2,toroidal,0.1,86,13,86.86868686868686,13.131313131313131,No
0.15,0,100,0.6,0.2,0.2,toroidal,0.1,99,0,100.0,0.0,Yes
0.15,0,100,0.45,0.45,0.1,toroidal,0.1,99,0,100.0,0.0,Yes
0.15,0,100,0.33,0.33,0.34,toroidal,0.1,99,0,100.0,0.0,Yes
0.15,0,100,0.25,0.5,0.25,toroidal,0.1,99,0,100.0,0.0,Yes
0.15,0,100,0.2,0.4,0.4,toroidal,0.1,99,0,100.0,0.0,Yes
0.15,0,100,0.7,0.2,0.1,toroidal,0.1,99,0,100.0,0.0,Yes
0.15,0,100,0.55,0.25,0.2,toroidal,0.1,99,0,100.0,0.0,Yes
0.15,0,100,0.35,0.5,0.15,toroidal,0.1,99,0,100.0,0.0,Yes
0.15,0,100,0.3,0.4,0.3,toroidal,0.1,99,0,100.0,0.0,Yes
0.15,0,100,0.1,0.7,0.2,toroidal,0.1,70,29,70.70707070707071,29.292929292929294,No
0.15,0,150,0.6,0.3,0.1,toroidal,0.1,149,0,100.0,0.0,Yes
0.15,0,150,0.5,0.4,0.1,toroidal,0.1,149,0,100.0,0.0,Yes
0.15,0,150,0.4,0.4,0.2,toroidal,0.1,149,0,100.0,0.0,Yes
0.15,0,150,0.5,0.2,0.3,toroidal,0.1,149,0,100.0,0.0,Yes
0.15,0,150,0.3,0.5,0.2,toroidal,0.1,149,0,100.0,0.0,Yes
0.15,0,150,0.2,0.6,0.2,toroidal,0.1,138,11,92.61744966442953,7.382550335570469,Yes
0.15,0,150,0.6,0.2,0.2,toroidal,0.1,149,0,100.0,0.0,Yes
0.15,0,150,0.45,0.45,0.1,toroidal,0.1,149,0,100.0,0.0,Yes
0.15,0,150,0.33,0.33,0.34,toroidal,0.1,149,0,100.0,0.0,Yes
0.15,0,150,0.25,0.5,0.25,toroidal,0.1,149,0,100.0,0.0,Yes
0.15,0,150,0.2,0.4,0.4,toroidal,0.1,149,0,100.0,0.0,Yes
0.15,0,150,0.7,0.2,0.1,toroidal,0.1,149,0,100.0,0.0,Yes
0.15,0,150,0.55,0.25,0.2,toroidal,0.1,149,0,100.0,0.0,Yes
0.15,0,150,0.35,0.5,0.15,toroidal,0.1,149,0,100.0,0.0,Yes
0.15,0,150,0.3,0.4,0.3,toroidal,0.1,149,0,100.0,0.0,Yes
0.15,0,150,0.1,0.7,0.2,toroidal,0.1,104,45,69.79865771812081,30.201342281879196,No
0.15,5,100,0.6,0.3,0.1,toroidal,0.1,95,0,100.0,0.0,Yes
0.15,5,100,0.5,0.4,0.1,toroidal,0.1,95,0,100.0,0.0,Yes
0.15,5,100,0.4,0.4,0.2,toroidal,0.1,95,0,100.0,0.0,Yes
0.15,5,100,0.5,0.2,0.3,toroidal,0.1,95,0,100.0,0.0,Yes
0.15,5,100,0.3,0.5,0.2,toroidal,0.1,95,0,100.0,0.0,Yes
0.15,5,100,0.2,0.6,0.2,toroidal,0.1,81,14,85.26315789473684,14.736842105263158,No
0.15,5,100,0.6,0.2,0.2,toroidal,0.1,95,0,100.0,0.0,Yes
0.15,5,100,0.45,0.45,0.1,toroidal,0.1,95,0,100.0,0.0,Yes
0.15,5,100,0.33,0.33,0.34,toroidal,0.1,95,0,100.0,0.0,Yes
0.15,5,100,0.25,0.5,0.25,toroidal,0.1,95,0,100.0,0.0,Yes
0.15,5,100,0.2,0.4,0.4,toroidal,0.1,95,0,100.0,0.0,Yes
0.15,5,100,0.7,0.2,0.1,toroidal,0.1,95,0,100.0,0.0,Yes
0.15,5,100,0.55,0.25,0.2,toroidal,0.1,95,0,100.0,0.0,Yes
0.15,5,100,0.35,0.5,0.15,toroidal,0.1,95,0,100.0,0.0,Yes
0.15,5,100,0.3,0.4,0.3,toroidal,0.1,95,0,100.0,0.0,Yes
0.15,5,100,0.1,0.7,0.2,toroidal,0.1,72,23,75.78947368421052,24.210526315789473,No
0.15,5,150,0.6,0.3,0.1,toroidal,0.1,143,0,100.0,0.0,Yes
0.15,5,150,0.5,0.4,0.1,toroidal,0.1,143,0,100.0,0.0,Yes
0.15,5,150,0.4,0.4,0.2,toroidal,0.1,143,0,100.0,0.0,Yes
0.15,5,150,0.5,0.2,0.3,toroidal,0.1,143,0,100.0,0.0,Yes
0.15,5,150,0.3,0.5,0.2,toroidal,0.1,143,0,100.0,0.0,Yes
0.15,5,150,0.2,0.6,0.2,toroidal,0.1,133,10,93.00699300699301,6.993006993006993,Yes
0.15,5,150,0.6,0.2,0.2,toroidal,0.1,143,0,100.0,0.0,Yes
0.15,5,150,0.45,0.45,0.1,toroidal,0.1,143,0,100.0,0.0,Yes
0.15,5,150,0.33,0.33,0.34,toroidal,0.1,143,0,100.0,0.0,Yes
0.15,5,150,0.25,0.5,0.25,toroidal,0.1,143,0,100.0,0.0,Yes
0.15,5,150,0.2,0.4,0.4,toroidal,0.1,143,0,100.0,0.0,Yes
0.15,5,150,0.7,0.2,0.1,toroidal,0.1,143,0,100.0,0.0,Yes
0.15,5,150,0.55,0.25,0.2,toroidal,0.1,143,0,100.0,0.0,Yes
0.15,5,150,0.35,0.5,0.15,toroidal,0.1,143,0,100.0,0.0,Yes
0.15,5,150,0.3,0.4,0.3,toroidal,0.1,143,0,100.0,0.0,Yes
0.15,5,150,0.1,0.7,0.2,toroidal,0.1,94,49,65.73426573426573,34.26573426573427,No
0.15,10,100,0.6,0.3,0.1,toroidal,0.1,90,0,100.0,0.0,Yes
0.15,10,100,0.5,0.4,0.1,toroidal,0.1,90,0,100.0,0.0,Yes
0.15,10,100,0.4,0.4,0.2,toroidal,0.1,90,0,100.0,0.0,Yes
0.15,10,100,0.5,0.2,0.3,toroidal,0.1,90,0,100.0,0.0,Yes
0.15,10,100,0.3,0.5,0.2,toroidal,0.1,90,0,100.0,0.0,Yes
0.15,10,100,0.2,0.6,0.2,toroidal,0.1,85,5,94.44444444444444,5.555555555555555,Yes
0.15,10,100,0.6,0.2,0.2,toroidal,0.1,90,0,100.0,0.0,Yes
0.15,10,100,0.45,0.45,0.1,toroidal,0.1,90,0,100.0,0.0,Yes
0.15,10,100,0.33,0.33,0.34,toroidal,0.1,90,0,100.0,0.0,Yes
0.15,10,100,0.25,0.5,0.25,toroidal,0.1,90,0,100.0,0.0,Yes
0.15,10,100,0.2,0.4,0.4,toroidal,0.1,89,1,98.88888888888889,1.1111111111111112,Yes
0.15,10,100,0.7,0.2,0.1,toroidal,0.1,90,0,100.0,0.0,Yes
0.15,10,100,0.55,0.25,0.2,toroidal,0.1,90,0,100.0,0.0,Yes
0.15,10,100,0.35,0.5,0.15,toroidal,0.1,90,0,100.0,0.0,Yes
0.15,10,100,0.3,0.4,0.3,toroidal,0.1,90,0,100.0,0.0,Yes
0.15,10,100,0.1,0.7,0.2,toroidal,0.1,65,25,72.22222222222223,27.77777777777778,No
0.15,10,150,0.6,0.3,0.1,toroidal,0.1,135,0,100.0,0.0,Yes
0.15,10,150,0.5,0.4,0.1,toroidal,0.1,135,0,100.0,0.0,Yes
0.15,10,150,0.4,0.4,0.2,toroidal,0.1,135,0,100.0,0.0,Yes
0.15,10,150,0.5,0.2,0.3,toroidal,0.1,135,0,100.0,0.0,Yes
0.15,10,150,0.3,0.5,0.2,toroidal,0.1,135,0,100.0,0.0,Yes
0.15,10,150,0.2,0.6,0.2,toroidal,0.1,121,14,89.62962962962963,10.37037037037037,No
0.15,10,150,0.6,0.2,0.2,toroidal,0.1,135,0,100.0,0.0,Yes
0.15,10,150,0.45,0.45,0.1,toroidal,0.1,135,0,100.0,0.0,Yes
0.15,10,150,0.33,0.33,0.34,toroidal,0.1,135,0,100.0,0.0,Yes
0.15,10,150,0.25,0.5,0.25,toroidal,0.1,135,0,100.0,0.0,Yes
0.15,10,150,0.2,0.4,0.4,toroidal,0.1,135,0,100.0,0.0,Yes
0.15,10,150,0.7,0.2,0.1,toroidal,0.1,135,0,100.0,0.0,Yes
0.15,10,150,0.55,0.25,0.2,toroidal,0.1,135,0,100.0,0.0,Yes
0.15,10,150,0.35,0.5,0.15,toroidal,0.1,135,0,100.0,0.0,Yes
0.15,10,150,0.3,0.4,0.3,toroidal,0.1,135,0,100.0,0.0,Yes
0.15,10,150,0.1,0.7,0.2,toroidal,0.1,97,38,71.85185185185185,28.14814814814815,No
0.2,0,100,0.6,0.3,0.1,toroidal,0.1,99,0,100.0,0.0,Yes
0.2,0,100,0.5,0.4,0.1,toroidal,0.1,99,0,100.0,0.0,Yes
0.2,0,100,0.4,0.4,0.2,toroidal,0.1,99,0,100.0,0.0,Yes
0.2,0,100,0.5,0.2,0.3,toroidal,0.1,99,0,100.0,0.0,Yes
0.2,0,100,0.3,0.5,0.2,toroidal,0.1,99,0,100.0,0.0,Yes
0.2,0,100,0.2,0.6,0.2,toroidal,0.1,88,11,88.88888888888889,11.11111111111111,No
0.2,0,100,0.6,0.2,0.2,toroidal,0.1,99,0,100.0,0.0,Yes
0.2,0,100,0.45,0.45,0.1,toroidal,0.1,99,0,100.0,0.0,Yes
0.2,0,100,0.33,0.33,0.34,toroidal,0.1,99,0,100.0,0.0,Yes
0.2,0,100,0.25,0.5,0.25,toroidal,0.1,99,0,100.0,0.0,Yes
0.2,0,100,0.2,0.4,0.4,toroidal,0.1,99,0,100.0,0.0,Yes
0.2,0,100,0.7,0.2,0.1,toroidal,0.1,99,0,100.0,0.0,Yes
0.2,0,100,0.55,0.25,0.2,toroidal,0.1,99,0,100.0,0.0,Yes
0.2,0,100,0.35,0.5,0.15,toroidal,0.1,99,0,100.0,0.0,Yes
0.2,0,100,0.3,0.4,0.3,toroidal,0.1,99,0,100.0,0.0,Yes
0.2,0,100,0.1,0.7,0.2,toroidal,0.1,72,27,72.72727272727273,27.272727272727273,No
0.2,0,150,0.6,0.3,0.1,toroidal,0.1,149,0,100.0,0.0,Yes
0.2,0,150,0.5,0.4,0.1,toroidal,0.1,149,0,100.0,0.0,Yes
0.2,0,150,0.4,0.4,0.2,toroidal,0.1,149,0,100.0,0.0,Yes
0.2,0,150,0.5,0.2,0.3,toroidal,0.1,149,0,100.0,0.0,Yes
0.2,0,150,0.3,0.5,0.2,toroidal,0.1,149,0,100.0,0.0,Yes
0.2,0,150,0.2,0.6,0.2,toroidal,0.1,136,13,91.2751677852349,8.724832214765101,Yes
0.2,0,150,0.6,0.2,0.2,toroidal,0.1,149,0,100.0,0.0,Yes
0.2,0,150,0.45,0.45,0.1,toroidal,0.1,149,0,100.0,0.0,Yes
0.2,0,150,0.33,0.33,0.34,toroidal,0.1,149,0,100.0,0.0,Yes
0.2,0,150,0.25,0.5,0.25,toroidal,0.1,149,0,100.0,0.0,Yes
0.2,0,150,0.2,0.4,0.4,toroidal,0.1,149,0,100.0,0.0,Yes
0.2,0,150,0.7,0.2,0.1,toroidal,0.1,149,0,100.0,0.0,Yes
0.2,0,150,0.55,0.25,0.2,toroidal,0.1,149,0,100.0,0.0,Yes
0.2,0,150,0.35,0.5,0.15,toroidal,0.1,149,0,100.0,0.0,Yes
0.2,0,150,0.3,0.4,0.3,toroidal,0.1,149,0,100.0,0.0,Yes
0.2,0,150,0.1,0.7,0.2,toroidal,0.1,108,41,72.48322147651007,27.516778523489933,No
0.2,5,100,0.6,0.3,0.1,toroidal,0.1,95,0,100.0,0.0,Yes
0.2,5,100,0.5,0.4,0.1,toroidal,0.1,95,0,100.0,0.0,Yes
0.2,5,100,0.4,0.4,0.2,toroidal,0.1,95,0,100.0,0.0,Yes
0.2,5,100,0.5,0.2,0.3,toroidal,0.1,95,0,100.0,0.0,Yes
0.2,5,100,0.3,0.5,0.2,toroidal,0.1,95,0,100.0,0.0,Yes
0.2,5,100,0.2,0.6,0.2,toroidal,0.1,82,13,86.3157894736842,13.68421052631579,No
0.2,5,100,0.6,0.2,0.2,toroidal,0.1,95,0,100.0,0.0,Yes
0.2,5,100,0.45,0.45,0.1,toroidal,0.1,95,0,100.0,0.0,Yes
0.2,5,100,0.33,0.33,0.34,toroidal,0.1,95,0,100.0,0.0,Yes
0.2,5,100,0.25,0.5,0.25,toroidal,0.1,95,0,100.0,0.0,Yes
0.2,5,100,0.2,0.4,0.4,toroidal,0.1,95,0,100.0,0.0,Yes
0.2,5,100,0.7,0.2,0.1,toroidal,0.1,95,0,100.0,0.0,Yes
0.2,5,100,0.55,0.25,0.2,toroidal,0.1,95,0,100.0,0.0,Yes
0.2,5,100,0.35,0.5,0.15,toroidal,0.1,95,0,100.0,0.0,Yes
0.2,5,100,0.3,0.4,0.3,toroidal,0.1,95,0,100.0,0.0,Yes
0.2,5,100,0.1,0.7,0.2,toroidal,0.1,72,23,75.78947368421052,24.210526315789473,No
0.2,5,150,0.6,0.3,0.1,toroidal,0.1,143,0,100.0,0.0,Yes
0.2,5,150,0.5,0.4,0.1,toroidal,0.1,143,0,100.0,0.0,Yes
0.2,5,150,0.4,0.4,0.2,toroidal,0.1,143,0,100.0,0.0,Yes
0.2,5,150,0.5,0.2,0.3,toroidal,0.1,143,0,100.0,0.0,Yes
0.2,5,150,0.3,0.5,0.2,toroidal,0.1,143,0,100.0,0.0,Yes
0.2,5,150,0.2,0.6,0.2,toroidal,0.1,127,16,88.81118881118881,11.188811188811188,No
0.2,5,150,0.6,0.2,0.2,toroidal,0.1,143,0,100.0,0.0,Yes
0.2,5,150,0.45,0.45,0.1,toroidal,0.1,143,0,100.0,0.0,Yes
0.2,5,150,0.33,0.33,0.34,toroidal,0.1,143,0,100.0,0.0,Yes
0.2,5,150,0.25,0.5,0.25,toroidal,0.1,143,0,100.0,0.0,Yes
0.2,5,150,0.2,0.4,0.4,toroidal,0.1,143,0,100.0,0.0,Yes
0.2,5,150,0.7,0.2,0.1,toroidal,0.1,143,0,100.0,0.0,Yes
0.2,5,150,0.55,0.25,0.2,toroidal,0.1,143,0,100.0,0.0,Yes
0.2,5,150,0.35,0.5,0.15,toroidal,0.1,143,0,100.0,0.0,Yes
0.2,5,150,0.3,0.4,0.3,toroidal,0.1,143,0,100.0,0.0,Yes
0.2,5,150,0.1,0.7,0.2,toroidal,0.1,106,37,74.12587412587412,25.874125874125873,No
0.2,10,100,0.6,0.3,0.1,toroidal,0.1,90,0,100.0,0.0,Yes
0.2,10,100,0.5,0.4,0.1,toroidal,0.1,90,0,100.0,0.0,Yes
0.2,10,100,0.4,0.4,0.2,toroidal,0.1,90,0,100.0,0.0,Yes
0.2,10,100,0.5,0.2,0.3,toroidal,0.1,90,0,100.0,0.0,Yes
0.2,10,100,0.3,0.5,0.2,toroidal,0.1,90,0,100.0,0.0,Yes
0.2,10,100,0.2,0.6,0.2,toroidal,0.1,74,16,82.22222222222223,17.77777777777778,No
0.2,10,100,0.6,0.2,0.2,toroidal,0.1,90,0,100.0,0.0,Yes
0.2,10,100,0.45,0.45,0.1,toroidal,0.1,90,0,100.0,0.0,Yes
0.2,10,100,0.33,0.33,0.34,toroidal,0.1,90,0,100.0,0.0,Yes
0.2,10,100,0.25,0.5,0.25,toroidal,0.1,90,0,100.0,0.0,Yes
0.2,10,100,0.2,0.4,0.4,toroidal,0.1,90,0,100.0,0.0,Yes
0.2,10,100,0.7,0.2,0.1,toroidal,0.1,90,0,100.0,0.0,Yes
0.2,10,100,0.55,0.25,0.2,toroidal,0.1,90,0,100.0,0.0,Yes
0.2,10,100,0.35,0.5,0.15,toroidal,0.1,90,0,100.0,0.0,Yes
0.2,10,100,0.3,0.4,0.3,toroidal,0.1,90,0,100.0,0.0,Yes
0.2,10,100,0.1,0.7,0.2,toroidal,0.1,58,32,64.44444444444444,35.55555555555556,No
0.2,10,150,0.6,0.3,0.1,toroidal,0.1,135,0,100.0,0.0,Yes
0.2,10,150,0.5,0.4,0.1,toroidal,0.1,135,0,100.0,0.0,Yes
0.2,10,150,0.4,0.4,0.2,toroidal,0.1,135,0,100.0,0.0,Yes
0.2,10,150,0.5,0.2,0.3,toroidal,0.1,135,0,100.0,0.0,Yes
0.2,10,150,0.3,0.5,0.2,toroidal,0.1,135,0,100.0,0.0,Yes
0.2,10,150,0.2,0.6,0.2,toroidal,0.1,114,21,84.44444444444444,15.555555555555555,No
0.2,10,150,0.6,0.2,0.2,toroidal,0.1,135,0,100.0,0.0,Yes
0.2,10,150,0.45,0.45,0.1,toroidal,0.1,135,0,100.0,0.0,Yes
0.2,10,150,0.33,0.33,0.34,toroidal,0.1,135,0,100.0,0.0,Yes
0.2,10,150,0.25,0.5,0.25,toroidal,0.1,135,0,100.0,0.0,Yes
0.2,10,150,0.2,0.4,0.4,toroidal,0.1,135,0,100.0,0.0,Yes
0.2,10,150,0.7,0.2,0.1,toroidal,0.1,135,0,100.0,0.0,Yes
0.2,10,150,0.55,0.25,0.2,toroidal,0.1,135,0,100.0,0.0,Yes
0.2,10,150,0.35,0.5,0.15,toroidal,0.1,135,0,100.0,0.0,Yes
0.2,10,150,0.3,0.4,0.3,toroidal,0.1,135,0,100.0,0.0,Yes
0.2,10,150,0.1,0.7,0.2,toroidal,0.1,101,34,74.81481481481481,25.185185185185187,No
0.05,0,100,0.6,0.3,0.1,toroidal,0.2,99,0,100.0,0.0,Yes
0.05,0,100,0.5,0.4,0.1,toroidal,0.2,99,0,100.0,0.0,Yes
0.05,0,100,0.4,0.4,0.2,toroidal,0.2,99,0,100.0,0.0,Yes
0.05,0,100,0.5,0.2,0.3,toroidal,0.2,99,0,100.0,0.0,Yes
0.05,0,100,0.3,0.5,0.2,toroidal,0.2,99,0,100.0,0.0,Yes
0.05,0,100,0.2,0.6,0.2,toroidal,0.2,94,5,94.94949494949495,5.05050505050505,Yes
0.05,0,100,0.6,0.2,0.2,toroidal,0.2,99,0,100.0,0.0,Yes
0.05,0,100,0.45,0.45,0.1,toroidal,0.2,99,0,100.0,0.0,Yes
0.05,0,100,0.33,0.33,0.34,toroidal,0.2,99,0,100.0,0.0,Yes
0.05,0,100,0.25,0.5,0.25,toroidal,0.2,99,0,100.0,0.0,Yes
0.05,0,100,0.2,0.4,0.4,toroidal,0.2,99,0,100.0,0.0,Yes
0.05,0,100,0.7,0.2,0.1,toroidal,0.2,99,0,100.0,0.0,Yes
0.05,0,100,0.55,0.25,0.2,toroidal,0.2,99,0,100.0,0.0,Yes
0.05,0,100,0.35,0.5,0.15,toroidal,0.2,99,0,100.0,0.0,Yes
0.05,0,100,0.3,0.4,0.3,toroidal,0.2,99,0,100.0,0.0,Yes
0.05,0,100,0.1,0.7,0.2,toroidal,0.2,67,32,67.67676767676768,32.323232323232325,No
0.05,0,150,0.6,0.3,0.1,toroidal,0.2,149,0,100.0,0.0,Yes
0.05,0,150,0.5,0.4,0.1,toroidal,0.2,149,0,100.0,0.0,Yes
0.05,0,150,0.4,0.4,0.2,toroidal,0.2,149,0,100.0,0.0,Yes
0.05,0,150,0.5,0.2,0.3,toroidal,0.2,149,0,100.0,0.0,Yes
0.05,0,150,0.3,0.5,0.2,toroidal,0.2,149,0,100.0,0.0,Yes
0.05,0,150,0.2,0.6,0.2,toroidal,0.2,130,19,87.24832214765101,12.751677852348994,No
0.05,0,150,0.6,0.2,0.2,toroidal,0.2,149,0,100.0,0.0,Yes
0.05,0,150,0.45,0.45,0.1,toroidal,0.2,149,0,100.0,0.0,Yes
0.05,0,150,0.33,0.33,0.34,toroidal,0.2,149,0,100.0,0.0,Yes
0.05,0,150,0.25,0.5,0.25,toroidal,0.2,149,0,100.0,0.0,Yes
0.05,0,150,0.2,0.4,0.4,toroidal,0.2,149,0,100.0,0.0,Yes
0.05,0,150,0.7,0.2,0.1,toroidal,0.2,149,0,100.0,0.0,Yes
0.05,0,150,0.55,0.25,0.2,toroidal,0.2,149,0,100.0,0.0,Yes
0.05,0,150,0.35,0.5,0.15,toroidal,0.2,149,0,100.0,0.0,Yes
0.05,0,150,0.3,0.4,0.3,toroidal,0.2,149,0,100.0,0.0,Yes
0.05,0,150,0.1,0.7,0.2,toroidal,0.2,111,38,74.49664429530202,25.503355704697988,No
0.05,5,100,0.6,0.3,0.1,toroidal,0.2,95,0,100.0,0.0,Yes
0.05,5,100,0.5,0.4,0.1,toroidal,0.2,95,0,100.0,0.0,Yes
0.05,5,100,0.4,0.4,0.2,toroidal,0.2,95,0,100.0,0.0,Yes
0.05,5,100,0.5,0.2,0.3,toroidal,0.2,95,0,100.0,0.0,Yes
0.05,5,100,0.3,0.5,0.2,toroidal,0.2,95,0,100.0,0.0,Yes
0.05,5,100,0.2,0.6,0.2,toroidal,0.2,86,9,90.52631578947368,9.473684210526315,Yes
0.05,5,100,0.6,0.2,0.2,toroidal,0.2,95,0,100.0,0.0,Yes
0.05,5,100,0.45,0.45,0.1,toroidal,0.2,95,0,100.0,0.0,Yes
0.05,5,100,0.33,0.33,0.34,toroidal,0.2,95,0,100.0,0.0,Yes
0.05,5,100,0.25,0.5,0.25,toroidal,0.2,95,0,100.0,0.0,Yes
0.05,5,100,0.2,0.4,0.4,toroidal,0.2,95,0,100.0,0.0,Yes
0.05,5,100,0.7,0.2,0.1,toroidal,0.2,95,0,100.0,0.0,Yes
0.05,5,100,0.55,0.25,0.2,toroidal,0.2,95,0,100.0,0.0,Yes
0.05,5,100,0.35,0.5,0.15,toroidal,0.2,95,0,100.0,0.0,Yes
0.05,5,100,0.3,0.4,0.3,toroidal,0.2,95,0,100.0,0.0,Yes
0.05,5,100,0.1,0.7,0.2,toroidal,0.2,59,36,62.10526315789474,37.89473684210526,No
0.05,5,150,0.6,0.3,0.1,toroidal,0.2,143,0,100.0,0.0,Yes
0.05,5,150,0.5,0.4,0.1,toroidal,0.2,143,0,100.0,0.0,Yes
0.05,5,150,0.4,0.4,0.2,toroidal,0.2,143,0,100.0,0.0,Yes
0.05,5,150,0.5,0.2,0.3,toroidal,0.2,143,0,100.0,0.0,Yes
0.05,5,150,0.3,0.5,0.2,toroidal,0.2,143,0,100.0,0.0,Yes
0.05,5,150,0.2,0.6,0.2,toroidal,0.2,126,17,88.1118881118881,11.888111888111888,No
0.05,5,150,0.6,0.2,0.2,toroidal,0.2,143,0,100.0,0.0,Yes
0.05,5,150,0.45,0.45,0.1,toroidal,0.2,143,0,100.0,0.0,Yes
0.05,5,150,0.33,0.33,0.34,toroidal,0.2,143,0,100.0,0.0,Yes
0.05,5,150,0.25,0.5,0.25,toroidal,0.2,143,0,100.0,0.0,Yes
0.05,5,150,0.2,0.4,0.4,toroidal,0.2,143,0,100.0,0.0,Yes
0.05,5,150,0.7,0.2,0.1,toroidal,0.2,143,0,100.0,0.0,Yes
0.05,5,150,0.55,0.25,0.2,toroidal,0.2,143,0,100.0,0.0,Yes
0.05,5,150,0.35,0.5,0.15,toroidal,0.2,143,0,100.0,0.0,Yes
0.05,5,150,0.3,0.4,0.3,toroidal,0.2,143,0,100.0,0.0,Yes
0.05,5,150,0.1,0.7,0.2,toroidal,0.2,106,37,74.12587412587412,25.874125874125873,No
0.05,10,100,0.6,0.3,0.1,toroidal,0.2,90,0,100.0,0.0,Yes
0.05,10,100,0.5,0.4,0.1,toroidal,0.2,90,0,100.0,0.0,Yes
0.05,10,100,0.4,0.4,0.2,toroidal,0.2,90,0,100.0,0.0,Yes
0.05,10,100,0.5,0.2,0.3,toroidal,0.2,90,0,100.0,0.0,Yes
0.05,10,100,0.3,0.5,0.2,toroidal,0.2,90,0,100.0,0.0,Yes
0.05,10,100,0.2,0.6,0.2,toroidal,0.2,79,11,87.77777777777777,12.222222222222221,No
0.05,10,100,0.6,0.2,0.2,toroidal,0.2,90,0,100.0,0.0,Yes
0.05,10,100,0.45,0.45,0.1,toroidal,0.2,90,0,100.0,0.0,Yes
0.05,10,100,0.33,0.33,0.34,toroidal,0.2,90,0,100.0,0.0,Yes
0.05,10,100,0.25,0.5,0.25,toroidal,0.2,90,0,100.0,0.0,Yes
0.05,10,100,0.2,0.4,0.4,toroidal,0.2,90,0,100.0,0.0,Yes
0.05,10,100,0.7,0.2,0.1,toroidal,0.2,90,0,100.0,0.0,Yes
0.05,10,100,0.55,0.25,0.2,toroidal,0.2,90,0,100.0,0.0,Yes
0.05,10,100,0.35,0.5,0.15,toroidal,0.2,90,0,100.0,0.0,Yes
0.05,10,100,0.3,0.4,0.3,toroidal,0.2,90,0,100.0,0.0,Yes
0.05,10,100,0.1,0.7,0.2,toroidal,0.2,60,30,66.66666666666667,33.333333333333336,No
0.05,10,150,0.6,0.3,0.1,toroidal,0.2,135,0,100.0,0.0,Yes
0.05,10,150,0.5,0.4,0.1,toroidal,0.2,135,0,100.0,0.0,Yes
0.05,10,150,0.4,0.4,0.2,toroidal,0.2,135,0,100.0,0.0,Yes
0.05,10,150,0.5,0.2,0.3,toroidal,0.2,135,0,100.0,0.0,Yes
0.05,10,150,0.3,0.5,0.2,toroidal,0.2,135,0,100.0,0.0,Yes
0.05,10,150,0.2,0.6,0.2,toroidal,0.2,118,17,87.4074074074074,12.592592592592593,No
0.05,10,150,0.6,0.2,0.2,toroidal,0.2,135,0,100.0,0.0,Yes
0.05,10,150,0.45,0.45,0.1,toroidal,0.2,135,0,100.0,0.0,Yes
0.05,10,150,0.33,0.33,0.34,toroidal,0.2,135,0,100.0,0.0,Yes
0.05,10,150,0.25,0.5,0.25,toroidal,0.2,135,0,100.0,0.0,Yes
0.05,10,150,0.2,0.4,0.4,toroidal,0.2,135,0,100.0,0.0,Yes
0.05,10,150,0.7,0.2,0.1,toroidal,0.2,135,0,100.0,0.0,Yes
0.05,10,150,0.55,0.25,0.2,toroidal,0.2,135,0,100.0,0.0,Yes
0.05,10,150,0.35,0.5,0.15,toroidal,0.2,135,0,100.0,0.0,Yes
0.05,10,150,0.3,0.4,0.3,toroidal,0.2,135,0,100.0,0.0,Yes
0.05,10,150,0.1,0.7,0.2,toroidal,0.2,102,33,75.55555555555556,24.444444444444443,No
0.1,0,100,0.6,0.3,0.1,toroidal,0.2,99,0,100.0,0.0,Yes
0.1,0,100,0.5,0.4,0.1,toroidal,0.2,99,0,100.0,0.0,Yes
0.1,0,100,0.4,0.4,0.2,toroidal,0.2,99,0,100.0,0.0,Yes
0.1,0,100,0.5,0.2,0.3,toroidal,0.2,99,0,100.0,0.0,Yes
0.1,0,100,0.3,0.5,0.2,toroidal,0.2,99,0,100.0,0.0,Yes
0.1,0,100,0.2,0.6,0.2,toroidal,0.2,88,11,88.88888888888889,11.11111111111111,No
0.1,0,100,0.6,0.2,0.2,toroidal,0.2,99,0,100.0,0.0,Yes
0.1,0,100,0.45,0.45,0.1,toroidal,0.2,99,0,100.0,0.0,Yes
0.1,0,100,0.33,0.33,0.34,toroidal,0.2,99,0,100.0,0.0,Yes
0.1,0,100,0.25,0.5,0.25,toroidal,0.2,99,0,100.0,0.0,Yes
0.1,0,100,0.2,0.4,0.4,toroidal,0.2,99,0,100.0,0.0,Yes
0.1,0,100,0.7,0.2,0.1,toroidal,0.2,99,0,100.0,0.0,Yes
0.1,0,100,0.55,0.25,0.2,toroidal,0.2,99,0,100.0,0.0,Yes
0.1,0,100,0.35,0.5,0.15,toroidal,0.2,99,0,100.0,0.0,Yes
0.1,0,100,0.3,0.4,0.3,toroidal,0.2,99,0,100.0,0.0,Yes
0.1,0,100,0.1,0.7,0.2,toroidal,0.2,64,35,64.64646464646465,35.35353535353536,No
0.1,0,150,0.6,0.3,0.1,toroidal,0.2,149,0,100.0,0.0,Yes
0.1,0,150,0.5,0.4,0.1,toroidal,0.2,149,0,100.0,0.0,Yes
0.1,0,150,0.4,0.4,0.2,toroidal,0.2,149,0,100.0,0.0,Yes
0.1,0,150,0.5,0.2,0.3,toroidal,0.2,149,0,100.0,0.0,Yes
0.1,0,150,0.3,0.5,0.2,toroidal,0.2,149,0,100.0,0.0,Yes
0.1,0,150,0.2,0.6,0.2,toroidal,0.2,124,25,83.22147651006712,16.778523489932887,No
0.1,0,150,0.6,0.2,0.2,toroidal,0.2,149,0,100.0,0.0,Yes
0.1,0,150,0.45,0.45,0.1,toroidal,0.2,149,0,100.0,0.0,Yes
0.1,0,150,0.33,0.33,0.34,toroidal,0.2,149,0,100.0,0.0,Yes
0.1,0,150,0.25,0.5,0.25,toroidal,0.2,149,0,100.0,0.0,Yes
0.1,0,150,0.2,0.4,0.4,toroidal,0.2,149,0,100.0,0.0,Yes
0.1,0,150,0.7,0.2,0.1,toroidal,0.2,149,0,100.0,0.0,Yes
0.1,0,150,0.55,0.25,0.2,toroidal,0.2,149,0,100.0,0.0,Yes
0.1,0,150,0.35,0.5,0.15,toroidal,0.2,149,0,100.0,0.0,Yes
0.1,0,150,0.3,0.4,0.3,toroidal,0.2,149,0,100.0,0.0,Yes
0.1,0,150,0.1,0.7,0.2,toroidal,0.2,97,52,65.1006711409396,34.899328859060404,No
0.1,5,100,0.6,0.3,0.1,toroidal,0.2,95,0,100.0,0.0,Yes
0.1,5,100,0.5,0.4,0.1,toroidal,0.2,95,0,100.0,0.0,Yes
0.1,5,100,0.4,0.4,0.2,toroidal,0.2,95,0,100.0,0.0,Yes
0.1,5,100,0.5,0.2,0.3,toroidal,0.2,95,0,100.0,0.0,Yes
0.1,5,100,0.3,0.5,0.2,toroidal,0.2,95,0,100.0,0.0,Yes
0.1,5,100,0.2,0.6,0.2,toroidal,0.2,84,11,88.42105263157895,11.578947368421053,No
0.1,5,100,0.6,0.2,0.2,toroidal,0.2,95,0,100.0,0.0,Yes
0.1,5,100,0.45,0.45,0.1,toroidal,0.2,95,0,100.0,0.0,Yes
0.1,5,100,0.33,0.33,0.34,toroidal,0.2,95,0,100.0,0.0,Yes
0.1,5,100,0.25,0.5,0.25,toroidal,0.2,95,0,100.0,0.0,Yes
0.1,5,100,0.2,0.4,0.4,toroidal,0.2,95,0,100.0,0.0,Yes
0.1,5,100,0.7,0.2,0.1,toroidal,0.2,95,0,100.0,0.0,Yes
0.1,5,100,0.55,0.25,0.2,toroidal,0.2,95,0,100.0,0.0,Yes
0.1,5,100,0.35,0.5,0.15,toroidal,0.2,95,0,100.0,0.0,Yes
0.1,5,100,0.3,0.4,0.3,toroidal,0.2,95,0,100.0,0.0,Yes
0.1,5,100,0.1,0.7,0.2,toroidal,0.2,70,25,73.6842105263158,26.31578947368421,No
0.1,5,150,0.6,0.3,0.1,toroidal,0.2,143,0,100.0,0.0,Yes
0.1,5,150,0.5,0.4,0.1,toroidal,0.2,143,0,100.0,0.0,Yes
0.1,5,150,0.4,0.4,0.2,toroidal,0.2,143,0,100.0,0.0,Yes
0.1,5,150,0.5,0.2,0.3,toroidal,0.2,143,0,100.0,0.0,Yes
0.1,5,150,0.3,0.5,0.2,toroidal,0.2,143,0,100.0,0.0,Yes
0.1,5,150,0.2,0.6,0.2,toroidal,0.2,132,11,92.3076923076923,7.6923076923076925,Yes
0.1,5,150,0.6,0.2,0.2,toroidal,0.2,143,0,100.0,0.0,Yes
0.1,5,150,0.45,0.45,0.1,toroidal,0.2,143,0,100.0,0.0,Yes
0.1,5,150,0.33,0.33,0.34,toroidal,0.2,143,0,100.0,0.0,Yes
0.1,5,150,0.25,0.5,0.25,toroidal,0.2,143,0,100.0,0.0,Yes
0.1,5,150,0.2,0.4,0.4,toroidal,0.2,143,0,100.0,0.0,Yes
0.1,5,150,0.7,0.2,0.1,toroidal,0.2,143,0,100.0,0.0,Yes
0.1,5,150,0.55,0.25,0.2,toroidal,0.2,143,0,100.0,0.0,Yes
0.1,5,150,0.35,0.5,0.15,toroidal,0.2,143,0,100.0,0.0,Yes
0.1,5,150,0.3,0.4,0.3,toroidal,0.2,143,0,100.0,0.0,Yes
0.1,5,150,0.1,0.7,0.2,toroidal,0.2,105,38,73.42657342657343,26.573426573426573,No
0.1,10,100,0.6,0.3,0.1,toroidal,0.2,90,0,100.0,0.0,Yes
0.1,10,100,0.5,0.4,0.1,toroidal,0.2,90,0,100.0,0.0,Yes
0.1,10,100,0.4,0.4,0.2,toroidal,0.2,90,0,100.0,0.0,Yes
0.1,10,100,0.5,0.2,0.3,toroidal,0.2,90,0,100.0,0.0,Yes
0.1,10,100,0.3,0.5,0.2,toroidal,0.2,90,0,100.0,0.0,Yes
0.1,10,100,0.2,0.6,0.2,toroidal,0.2,83,7,92.22222222222223,7.777777777777778,Yes
0.1,10,100,0.6,0.2,0.2,toroidal,0.2,90,0,100.0,0.0,Yes
0.1,10,100,0.45,0.45,0.1,toroidal,0.2,90,0,100.0,0.0,Yes
0.1,10,100,0.33,0.33,0.34,toroidal,0.2,90,0,100.0,0.0,Yes
0.1,10,100,0.25,0.5,0.25,toroidal,0.2,90,0,100.0,0.0,Yes
0.1,10,100,0.2,0.4,0.4,toroidal,0.2,90,0,100.0,0.0,Yes
0.1,10,100,0.7,0.2,0.1,toroidal,0.2,90,0,100.0,0.0,Yes
0.1,10,100,0.55,0.25,0.2,toroidal,0.2,90,0,100.0,0.0,Yes
0.1,10,100,0.35,0.5,0.15,toroidal,0.2,90,0,100.0,0.0,Yes
0.1,10,100,0.3,0.4,0.3,toroidal,0.2,90,0,100.0,0.0,Yes
0.1,10,100,0.1,0.7,0.2,toroidal,0.2,60,30,66.66666666666667,33.333333333333336,No
0.1,10,150,0.6,0.3,0.1,toroidal,0.2,135,0,100.0,0.0,Yes
0.1,10,150,0.5,0.4,0.1,toroidal,0.2,135,0,100.0,0.0,Yes
0.1,10,150,0.4,0.4,0.2,toroidal,0.2,135,0,100.0,0.0,Yes
0.1,10,150,0.5,0.2,0.3,toroidal,0.2,135,0,100.0,0.0,Yes
0.1,10,150,0.3,0.5,0.2,toroidal,0.2,135,0,100.0,0.0,Yes
0.1,10,150,0.2,0.6,0.2,toroidal,0.2,119,16,88.14814814814815,11.851851851851851,No
0.1,10,150,0.6,0.2,0.2,toroidal,0.2,135,0,100.0,0.0,Yes
0.1,10,150,0.45,0.45,0.1,toroidal,0.2,135,0,100.0,0.0,Yes
0.1,10,150,0.33,0.33,0.34,toroidal,0.2,135,0,100.0,0.0,Yes
0.1,10,150,0.25,0.5,0.25,toroidal,0.2,135,0,100.0,0.0,Yes
0.1,10,150,0.2,0.4,0.4,toroidal,0.2,135,0,100.0,0.0,Yes
0.1,10,150,0.7,0.2,0.1,toroidal,0.2,135,0,100.0,0.0,Yes
0.1,10,150,0.55,0.25,0.2,toroidal,0.2,135,0,100.0,0.0,Yes
0.1,10,150,0.35,0.5,0.15,toroidal,0.2,135,0,100.0,0.0,Yes
0.1,10,150,0.3,0.4,0.3,toroidal,0.2,135,0,100.0,0.0,Yes
0.1,10,150,0.1,0.7,0.2,toroidal,0.2,101,34,74.81481481481481,25.185185185185187,No
0.15,0,100,0.6,0.3,0.1,toroidal,0.2,99,0,100.0,0.0,Yes
0.15,0,100,0.5,0.4,0.1,toroidal,0.2,99,0,100.0,0.0,Yes
0.15,0,100,0.4,0.4,0.2,toroidal,0.2,99,0,100.0,0.0,Yes
0.15,0,100,0.5,0.2,0.3,toroidal,0.2,99,0,100.0,0.0,Yes
0.15,0,100,0.3,0.5,0.2,toroidal,0.2,99,0,100.0,0.0,Yes
0.15,0,100,0.2,0.6,0.2,toroidal,0.2,91,8,91.91919191919192,8.080808080808081,Yes
0.15,0,100,0.6,0.2,0.2,toroidal,0.2,99,0,100.0,0.0,Yes
0.15,0,100,0.45,0.45,0.1,toroidal,0.2,99,0,100.0,0.0,Yes
0.15,0,100,0.33,0.33,0.34,toroidal,0.2,99,0,100.0,0.0,Yes
0.15,0,100,0.25,0.5,0.25,toroidal,0.2,99,0,100.0,0.0,Yes
0.15,0,100,0.2,0.4,0.4,toroidal,0.2,99,0,100.0,0.0,Yes
0.15,0,100,0.7,0.2,0.1,toroidal,0.2,99,0,100.0,0.0,Yes
0.15,0,100,0.55,0.25,0.2,toroidal,0.2,99,0,100.0,0.0,Yes
0.15,0,100,0.35,0.5,0.15,toroidal,0.2,99,0,100.0,0.0,Yes
0.15,0,100,0.3,0.4,0.3,toroidal,0.2,99,0,100.0,0.0,Yes
0.15,0,100,0.1,0.7,0.2,toroidal,0.2,70,29,70.70707070707071,29.292929292929294,No
0.15,0,150,0.6,0.3,0.1,toroidal,0.2,149,0,100.0,0.0,Yes
0.15,0,150,0.5,0.4,0.1,toroidal,0.2,149,0,100.0,0.0,Yes
0.15,0,150,0.4,0.4,0.2,toroidal,0.2,149,0,100.0,0.0,Yes
0.15,0,150,0.5,0.2,0.3,toroidal,0.2,149,0,100.0,0.0,Yes
0.15,0,150,0.3,0.5,0.2,toroidal,0.2,149,0,100.0,0.0,Yes
0.15,0,150,0.2,0.6,0.2,toroidal,0.2,128,21,85.90604026845638,14.093959731543624,No
0.15,0,150,0.6,0.2,0.2,toroidal,0.2,149,0,100.0,0.0,Yes
0.15,0,150,0.45,0.45,0.1,toroidal,0.2,149,0,100.0,0.0,Yes
0.15,0,150,0.33,0.33,0.34,toroidal,0.2,149,0,100.0,0.0,Yes
0.15,0,150,0.25,0.5,0.25,toroidal,0.2,149,0,100.0,0.0,Yes
0.15,0,150,0.2,0.4,0.4,toroidal,0.2,149,0,100.0,0.0,Yes
0.15,0,150,0.7,0.2,0.1,toroidal,0.2,149,0,100.0,0.0,Yes
0.15,0,150,0.55,0.25,0.2,toroidal,0.2,149,0,100.0,0.0,Yes
0.15,0,150,0.35,0.5,0.15,toroidal,0.2,149,0,100.0,0.0,Yes
0.15,0,150,0.3,0.4,0.3,toroidal,0.2,149,0,100.0,0.0,Yes
0.15,0,150,0.1,0.7,0.2,toroidal,0.2,109,40,73.15436241610739,26.845637583892618,No
0.15,5,100,0.6,0.3,0.1,toroidal,0.2,95,0,100.0,0.0,Yes
0.15,5,100,0.5,0.4,0.1,toroidal,0.2,95,0,100.0,0.0,Yes
0.15,5,100,0.4,0.4,0.2,toroidal,0.2,95,0,100.0,0.0,Yes
0.15,5,100,0.5,0.2,0.3,toroidal,0.2,95,0,100.0,0.0,Yes
0.15,5,100,0.3,0.5,0.2,toroidal,0.2,95,0,100.0,0.0,Yes
0.15,5,100,0.2,0.6,0.2,toroidal,0.2,89,6,93.6842105263158,6.315789473684211,Yes
0.15,5,100,0.6,0.2,0.2,toroidal,0.2,95,0,100.0,0.0,Yes
0.15,5,100,0.45,0.45,0.1,toroidal,0.2,95,0,100.0,0.0,Yes
0.15,5,100,0.33,0.33,0.34,toroidal,0.2,95,0,100.0,0.0,Yes
0.15,5,100,0.25,0.5,0.25,toroidal,0.2,95,0,100.0,0.0,Yes
0.15,5,100,0.2,0.4,0.4,toroidal,0.2,95,0,100.0,0.0,Yes
0.15,5,100,0.7,0.2,0.1,toroidal,0.2,95,0,100.0,0.0,Yes
0.15,5,100,0.55,0.25,0.2,toroidal,0.2,95,0,100.0,0.0,Yes
0.15,5,100,0.35,0.5,0.15,toroidal,0.2,95,0,100.0,0.0,Yes
0.15,5,100,0.3,0.4,0.3,toroidal,0.2,95,0,100.0,0.0,Yes
0.15,5,100,0.1,0.7,0.2,toroidal,0.2,73,22,76.84210526315789,23.157894736842106,No
0.15,5,150,0.6,0.3,0.1,toroidal,0.2,143,0,100.0,0.0,Yes
0.15,5,150,0.5,0.4,0.1,toroidal,0.2,143,0,100.0,0.0,Yes
0.15,5,150,0.4,0.4,0.2,toroidal,0.2,143,0,100.0,0.0,Yes
0.15,5,150,0.5,0.2,0.3,toroidal,0.2,143,0,100.0,0.0,Yes
0.15,5,150,0.3,0.5,0.2,toroidal,0.2,143,0,100.0,0.0,Yes
0.15,5,150,0.2,0.6,0.2,toroidal,0.2,125,18,87.41258741258741,12.587412587412587,No
0.15,5,150,0.6,0.2,0.2,toroidal,0.2,143,0,100.0,0.0,Yes
0.15,5,150,0.45,0.45,0.1,toroidal,0.2,143,0,100.0,0.0,Yes
0.15,5,150,0.33,0.33,0.34,toroidal,0.2,143,0,100.0,0.0,Yes
0.15,5,150,0.25,0.5,0.25,toroidal,0.2,143,0,100.0,0.0,Yes
0.15,5,150,0.2,0.4,0.4,toroidal,0.2,143,0,100.0,0.0,Yes
0.15,5,150,0.7,0.2,0.1,toroidal,0.2,143,0,100.0,0.0,Yes
0.15,5,150,0.55,0.25,0.2,toroidal,0.2,143,0,100.0,0.0,Yes
0.15,5,150,0.35,0.5,0.15,toroidal,0.2,143,0,100.0,0.0,Yes
0.15,5,150,0.3,0.4,0.3,toroidal,0.2,143,0,100.0,0.0,Yes
0.15,5,150,0.1,0.7,0.2,toroidal,0.2,110,33,76.92307692307692,23.076923076923077,No
0.15,10,100,0.6,0.3,0.1,toroidal,0.2,90,0,100.0,0.0,Yes
0.15,10,100,0.5,0.4,0.1,toroidal,0.2,90,0,100.0,0.0,Yes
0.15,10,100,0.4,0.4,0.2,toroidal,0.2,90,0,100.0,0.0,Yes
0.15,10,100,0.5,0.2,0.3,toroidal,0.2,90,0,100.0,0.0,Yes
0.15,10,100,0.3,0.5,0.2,toroidal,0.2,90,0,100.0,0.0,Yes
0.15,10,100,0.2,0.6,0.2,toroidal,0.2,79,11,87.77777777777777,12.222222222222221,No
0.15,10,100,0.6,0.2,0.2,toroidal,0.2,90,0,100.0,0.0,Yes
0.15,10,100,0.45,0.45,0.1,toroidal,0.2,90,0,100.0,0.0,Yes
0.15,10,100,0.33,0.33,0.34,toroidal,0.2,90,0,100.0,0.0,Yes
0.15,10,100,0.25,0.5,0.25,toroidal,0.2,90,0,100.0,0.0,Yes
0.15,10,100,0.2,0.4,0.4,toroidal,0.2,90,0,100.0,0.0,Yes
0.15,10,100,0.7,0.2,0.1,toroidal,0.2,90,0,100.0,0.0,Yes
0.15,10,100,0.55,0.25,0.2,toroidal,0.2,90,0,100.0,0.0,Yes
0.15,10,100,0.35,0.5,0.15,toroidal,0.2,90,0,100.0,0.0,Yes
0.15,10,100,0.3,0.4,0.3,toroidal,0.2,90,0,100.0,0.0,Yes
0.15,10,100,0.1,0.7,0.2,toroidal,0.2,63,27,70.0,30.0,No
0.15,10,150,0.6,0.3,0.1,toroidal,0.2,135,0,100.0,0.0,Yes
0.15,10,150,0.5,0.4,0.1,toroidal,0.2,135,0,100.0,0.0,Yes
0.15,10,150,0.4,0.4,0.2,toroidal,0.2,135,0,100.0,0.0,Yes
0.15,10,150,0.5,0.2,0.3,toroidal,0.2,135,0,100.0,0.0,Yes
0.15,10,150,0.3,0.5,0.2,toroidal,0.2,135,0,100.0,0.0,Yes
0.15,10,150,0.2,0.6,0.2,toroidal,0.2,128,7,94.81481481481481,5.185185185185185,Yes
0.15,10,150,0.6,0.2,0.2,toroidal,0.2,135,0,100.0,0.0,Yes
0.15,10,150,0.45,0.45,0.1,toroidal,0.2,135,0,100.0,0.0,Yes
0.15,10,150,0.33,0.33,0.34,toroidal,0.2,135,0,100.0,0.0,Yes
0.15,10,150,0.25,0.5,0.25,toroidal,0.2,135,0,100.0,0.0,Yes
0.15,10,150,0.2,0.4,0.4,toroidal,0.2,135,0,100.0,0.0,Yes
0.15,10,150,0.7,0.2,0.1,toroidal,0.2,135,0,100.0,0.0,Yes
0.15,10,150,0.55,0.25,0.2,toroidal,0.2,135,0,100.0,0.0,Yes
0.15,10,150,0.35,0.5,0.15,toroidal,0.2,135,0,100.0,0.0,Yes
0.15,10,150,0.3,0.4,0.3,toroidal,0.2,135,0,100.0,0.0,Yes
0.15,10,150,0.1,0.7,0.2,toroidal,0.2,104,31,77.03703703703704,22.962962962962962,No
0.2,0,100,0.6,0.3,0.1,toroidal,0.2,99,0,100.0,0.0,Yes
0.2,0,100,0.5,0.4,0.1,toroidal,0.2,99,0,100.0,0.0,Yes
0.2,0,100,0.4,0.4,0.2,toroidal,0.2,99,0,100.0,0.0,Yes
0.2,0,100,0.5,0.2,0.3,toroidal,0.2,99,0,100.0,0.0,Yes
0.2,0,100,0.3,0.5,0.2,toroidal,0.2,99,0,100.0,0.0,Yes
0.2,0,100,0.2,0.6,0.2,toroidal,0.2,88,11,88.88888888888889,11.11111111111111,No
0.2,0,100,0.6,0.2,0.2,toroidal,0.2,99,0,100.0,0.0,Yes
0.2,0,100,0.45,0.45,0.1,toroidal,0.2,99,0,100.0,0.0,Yes
0.2,0,100,0.33,0.33,0.34,toroidal,0.2,99,0,100.0,0.0,Yes
0.2,0,100,0.25,0.5,0.25,toroidal,0.2,99,0,100.0,0.0,Yes
0.2,0,100,0.2,0.4,0.4,toroidal,0.2,99,0,100.0,0.0,Yes
0.2,0,100,0.7,0.2,0.1,toroidal,0.2,99,0,100.0,0.0,Yes
0.2,0,100,0.55,0.25,0.2,toroidal,0.2,99,0,100.0,0.0,Yes
0.2,0,100,0.35,0.5,0.15,toroidal,0.2,99,0,100.0,0.0,Yes
0.2,0,100,0.3,0.4,0.3,toroidal,0.2,99,0,100.0,0.0,Yes
0.2,0,100,0.1,0.7,0.2,toroidal,0.2,69,30,69.6969696969697,30.303030303030305,No
0.2,0,150,0.6,0.3,0.1,toroidal,0.2,149,0,100.0,0.0,Yes
0.2,0,150,0.5,0.4,0.1,toroidal,0.2,149,0,100.0,0.0,Yes
0.2,0,150,0.4,0.4,0.2,toroidal,0.2,149,0,100.0,0.0,Yes
0.2,0,150,0.5,0.2,0.3,toroidal,0.2,149,0,100.0,0.0,Yes
0.2,0,150,0.3,0.5,0.2,toroidal,0.2,149,0,100.0,0.0,Yes
0.2,0,150,0.2,0.6,0.2,toroidal,0.2,127,22,85.23489932885906,14.765100671140939,No
0.2,0,150,0.6,0.2,0.2,toroidal,0.2,149,0,100.0,0.0,Yes
0.2,0,150,0.45,0.45,0.1,toroidal,0.2,149,0,100.0,0.0,Yes
0.2,0,150,0.33,0.33,0.34,toroidal,0.2,149,0,100.0,0.0,Yes
0.2,0,150,0.25,0.5,0.25,toroidal,0.2,149,0,100.0,0.0,Yes
0.2,0,150,0.2,0.4,0.4,toroidal,0.2,149,0,100.0,0.0,Yes
0.2,0,150,0.7,0.2,0.1,toroidal,0.2,149,0,100.0,0.0,Yes
0.2,0,150,0.55,0.25,0.2,toroidal,0.2,149,0,100.0,0.0,Yes
0.2,0,150,0.35,0.5,0.15,toroidal,0.2,149,0,100.0,0.0,Yes
0.2,0,150,0.3,0.4,0.3,toroidal,0.2,149,0,100.0,0.0,Yes
0.2,0,150,0.1,0.7,0.2,toroidal,0.2,112,37,75.16778523489933,24.83221476510067,No
0.2,5,100,0.6,0.3,0.1,toroidal,0.2,95,0,100.0,0.0,Yes
0.2,5,100,0.5,0.4,0.1,toroidal,0.2,95,0,100.0,0.0,Yes
0.2,5,100,0.4,0.4,0.2,toroidal,0.2,95,0,100.0,0.0,Yes
0.2,5,100,0.5,0.2,0.3,toroidal,0.2,95,0,100.0,0.0,Yes
0.2,5,100,0.3,0.5,0.2,toroidal,0.2,95,0,100.0,0.0,Yes
0.2,5,100,0.2,0.6,0.2,toroidal,0.2,83,12,87.36842105263158,12.631578947368421,No
0.2,5,100,0.6,0.2,0.2,toroidal,0.2,95,0,100.0,0.0,Yes
0.2,5,100,0.45,0.45,0.1,toroidal,0.2,95,0,100.0,0.0,Yes
0.2,5,100,0.33,0.33,0.34,toroidal,0.2,95,0,100.0,0.0,Yes
0.2,5,100,0.25,0.5,0.25,toroidal,0.2,95,0,100.0,0.0,Yes
0.2,5,100,0.2,0.4,0.4,toroidal,0.2,95,0,100.0,0.0,Yes
0.2,5,100,0.7,0.2,0.1,toroidal,0.2,95,0,100.0,0.0,Yes
0.2,5,100,0.55,0.25,0.2,toroidal,0.2,95,0,100.0,0.0,Yes
0.2,5,100,0.35,0.5,0.15,toroidal,0.2,95,0,100.0,0.0,Yes
0.2,5,100,0.3,0.4,0.3,toroidal,0.2,95,0,100.0,0.0,Yes
0.2,5,100,0.1,0.7,0.2,toroidal,0.2,69,26,72.63157894736842,27.36842105263158,No
0.2,5,150,0.6,0.3,0.1,toroidal,0.2,143,0,100.0,0.0,Yes
0.2,5,150,0.5,0.4,0.1,toroidal,0.2,143,0,100.0,0.0,Yes
0.2,5,150,0.4,0.4,0.2,toroidal,0.2,143,0,100.0,0.0,Yes
0.2,5,150,0.5,0.2,0.3,toroidal,0.2,143,0,100.0,0.0,Yes
0.2,5,150,0.3,0.5,0.2,toroidal,0.2,143,0,100.0,0.0,Yes
0.2,5,150,0.2,0.6,0.2,toroidal,0.2,126,17,88.1118881118881,11.888111888111888,No
0.2,5,150,0.6,0.2,0.2,toroidal,0.2,143,0,100.0,0.0,Yes
0.2,5,150,0.45,0.45,0.1,toroidal,0.2,143,0,100.0,0.0,Yes
0.2,5,150,0.33,0.33,0.34,toroidal,0.2,143,0,100.0,0.0,Yes
0.2,5,150,0.25,0.5,0.25,toroidal,0.2,143,0,100.0,0.0,Yes
0.2,5,150,0.2,0.4,0.4,toroidal,0.2,143,0,100.0,0.0,Yes
0.2,5,150,0.7,0.2,0.1,toroidal,0.2,143,0,100.0,0.0,Yes
0.2,5,150,0.55,0.25,0.2,toroidal,0.2,143,0,100.0,0.0,Yes
0.2,5,150,0.35,0.5,0.15,toroidal,0.2,143,0,100.0,0.0,Yes
0.2,5,150,0.3,0.4,0.3,toroidal,0.2,143,0,100.0,0.0,Yes
0.2,5,150,0.1,0.7,0.2,toroidal,0.2,96,47,67.13286713286713,32.86713286713287,No
0.2,10,100,0.6,0.3,0.1,toroidal,0.2,90,0,100.0,0.0,Yes
0.2,10,100,0.5,0.4,0.1,toroidal,0.2,90,0,100.0,0.0,Yes
0.2,10,100,0.4,0.4,0.2,toroidal,0.2,90,0,100.0,0.0,Yes
0.2,10,100,0.5,0.2,0.3,toroidal,0.2,90,0,100.0,0.0,Yes
0.2,10,100,0.3,0.5,0.2,toroidal,0.2,89,1,98.88888888888889,1.1111111111111112,Yes
0.2,10,100,0.2,0.6,0.2,toroidal,0.2,81,9,90.0,10.0,Yes
0.2,10,100,0.6,0.2,0.2,toroidal,0.2,90,0,100.0,0.0,Yes
0.2,10,100,0.45,0.45,0.1,toroidal,0.2,90,0,100.0,0.0,Yes
0.2,10,100,0.33,0.33,0.34,toroidal,0.2,90,0,100.0,0.0,Yes
0.2,10,100,0.25,0.5,0.25,toroidal,0.2,90,0,100.0,0.0,Yes
0.2,10,100,0.2,0.4,0.4,toroidal,0.2,90,0,100.0,0.0,Yes
0.2,10,100,0.7,0.2,0.1,toroidal,0.2,90,0,100.0,0.0,Yes
0.2,10,100,0.55,0.25,0.2,toroidal,0.2,90,0,100.0,0.0,Yes
0.2,10,100,0.35,0.5,0.15,toroidal,0.2,90,0,100.0,0.0,Yes
0.2,10,100,0.3,0.4,0.3,toroidal,0.2,90,0,100.0,0.0,Yes
0.2,10,100,0.1,0.7,0.2,toroidal,0.2,64,26,71.11111111111111,28.88888888888889,No
0.2,10,150,0.6,0.3,0.1,toroidal,0.2,135,0,100.0,0.0,Yes
0.2,10,150,0.5,0.4,0.1,toroidal,0.2,135,0,100.0,0.0,Yes
0.2,10,150,0.4,0.4,0.2,toroidal,0.2,135,0,100.0,0.0,Yes
0.2,10,150,0.5,0.2,0.3,toroidal,0.2,135,0,100.0,0.0,Yes
0.2,10,150,0.3,0.5,0.2,toroidal,0.2,134,1,99.25925925925925,0.7407407407407407,Yes
0.2,10,150,0.2,0.6,0.2,toroidal,0.2,121,14,89.62962962962963,10.37037037037037,No
0.2,10,150,0.6,0.2,0.2,toroidal,0.2,135,0,100.0,0.0,Yes
0.2,10,150,0.45,0.45,0.1,toroidal,0.2,135,0,100.0,0.0,Yes
0.2,10,150,0.33,0.33,0.34,toroidal,0.2,135,0,100.0,0.0,Yes
0.2,10,150,0.25,0.5,0.25,toroidal,0.2,134,1,99.25925925925925,0.7407407407407407,Yes
0.2,10,150,0.2,0.4,0.4,toroidal,0.2,135,0,100.0,0.0,Yes
0.2,10,150,0.7,0.2,0.1,toroidal,0.2,135,0,100.0,0.0,Yes
0.2,10,150,0.55,0.25,0.2,toroidal,0.2,135,0,100.0,0.0,Yes
0.2,10,150,0.35,0.5,0.15,toroidal,0.2,135,0,100.0,0.0,Yes
0.2,10,150,0.3,0.4,0.3,toroidal,0.2,135,0,100.0,0.0,Yes
0.2,10,150,0.1,0.7,0.2,toroidal,0.2,100,35,74.07407407407408,25.925925925925927,No
0.05,0,100,0.6,0.3,0.1,toroidal,0.3,99,0,100.0,0.0,Yes
0.05,0,100,0.5,0.4,0.1,toroidal,0.3,99,0,100.0,0.0,Yes
0.05,0,100,0.4,0.4,0.2,toroidal,0.3,99,0,100.0,0.0,Yes
0.05,0,100,0.5,0.2,0.3,toroidal,0.3,99,0,100.0,0.0,Yes
0.05,0,100,0.3,0.5,0.2,toroidal,0.3,99,0,100.0,0.0,Yes
0.05,0,100,0.2,0.6,0.2,toroidal,0.3,89,10,89.8989898989899,10.1010101010101,No
0.05,0,100,0.6,0.2,0.2,toroidal,0.3,99,0,100.0,0.0,Yes
0.05,0,100,0.45,0.45,0.1,toroidal,0.3,99,0,100.0,0.0,Yes
0.05,0,100,0.33,0.33,0.34,toroidal,0.3,99,0,100.0,0.0,Yes
0.05,0,100,0.25,0.5,0.25,toroidal,0.3,99,0,100.0,0.0,Yes
0.05,0,100,0.2,0.4,0.4,toroidal,0.3,99,0,100.0,0.0,Yes
0.05,0,100,0.7,0.2,0.1,toroidal,0.3,99,0,100.0,0.0,Yes
0.05,0,100,0.55,0.25,0.2,toroidal,0.3,99,0,100.0,0.0,Yes
0.05,0,100,0.35,0.5,0.15,toroidal,0.3,99,0,100.0,0.0,Yes
0.05,0,100,0.3,0.4,0.3,toroidal,0.3,99,0,100.0,0.0,Yes
0.05,0,100,0.1,0.7,0.2,toroidal,0.3,77,22,77.77777777777777,22.22222222222222,No
0.05,0,150,0.6,0.3,0.1,toroidal,0.3,149,0,100.0,0.0,Yes
0.05,0,150,0.5,0.4,0.1,toroidal,0.3,149,0,100.0,0.0,Yes
0.05,0,150,0.4,0.4,0.2,toroidal,0.3,149,0,100.0,0.0,Yes
0.05,0,150,0.5,0.2,0.3,toroidal,0.3,149,0,100.0,0.0,Yes
0.05,0,150,0.3,0.5,0.2,toroidal,0.3,149,0,100.0,0.0,Yes
0.05,0,150,0.2,0.6,0.2,toroidal,0.3,143,6,95.97315436241611,4.026845637583893,Yes
0.05,0,150,0.6,0.2,0.2,toroidal,0.3,149,0,100.0,0.0,Yes
0.05,0,150,0.45,0.45,0.1,toroidal,0.3,149,0,100.0,0.0,Yes
0.05,0,150,0.33,0.33,0.34,toroidal,0.3,149,0,100.0,0.0,Yes
0.05,0,150,0.25,0.5,0.25,toroidal,0.3,149,0,100.0,0.0,Yes
0.05,0,150,0.2,0.4,0.4,toroidal,0.3,149,0,100.0,0.0,Yes
0.05,0,150,0.7,0.2,0.1,toroidal,0.3,149,0,100.0,0.0,Yes
0.05,0,150,0.55,0.25,0.2,toroidal,0.3,149,0,100.0,0.0,Yes
0.05,0,150,0.35,0.5,0.15,toroidal,0.3,149,0,100.0,0.0,Yes
0.05,0,150,0.3,0.4,0.3,toroidal,0.3,149,0,100.0,0.0,Yes
0.05,0,150,0.1,0.7,0.2,toroidal,0.3,112,37,75.16778523489933,24.83221476510067,No
0.05,5,100,0.6,0.3,0.1,toroidal,0.3,95,0,100.0,0.0,Yes
0.05,5,100,0.5,0.4,0.1,toroidal,0.3,95,0,100.0,0.0,Yes
0.05,5,100,0.4,0.4,0.2,toroidal,0.3,95,0,100.0,0.0,Yes
0.05,5,100,0.5,0.2,0.3,toroidal,0.3,95,0,100.0,0.0,Yes
0.05,5,100,0.3,0.5,0.2,toroidal,0.3,95,0,100.0,0.0,Yes
0.05,5,100,0.2,0.6,0.2,toroidal,0.3,86,9,90.52631578947368,9.473684210526315,Yes
0.05,5,100,0.6,0.2,0.2,toroidal,0.3,95,0,100.0,0.0,Yes
0.05,5,100,0.45,0.45,0.1,toroidal,0.3,95,0,100.0,0.0,Yes
0.05,5,100,0.33,0.33,0.34,toroidal,0.3,95,0,100.0,0.0,Yes
0.05,5,100,0.25,0.5,0.25,toroidal,0.3,95,0,100.0,0.0,Yes
0.05,5,100,0.2,0.4,0.4,toroidal,0.3,95,0,100.0,0.0,Yes
0.05,5,100,0.7,0.2,0.1,toroidal,0.3,95,0,100.0,0.0,Yes
0.05,5,100,0.55,0.25,0.2,toroidal,0.3,95,0,100.0,0.0,Yes
0.05,5,100,0.35,0.5,0.15,toroidal,0.3,95,0,100.0,0.0,Yes
0.05,5,100,0.3,0.4,0.3,toroidal,0.3,95,0,100.0,0.0,Yes
0.05,5,100,0.1,0.7,0.2,toroidal,0.3,66,29,69.47368421052632,30.526315789473685,No
0.05,5,150,0.6,0.3,0.1,toroidal,0.3,143,0,100.0,0.0,Yes
0.05,5,150,0.5,0.4,0.1,toroidal,0.3,143,0,100.0,0.0,Yes
0.05,5,150,0.4,0.4,0.2,toroidal,0.3,143,0,100.0,0.0,Yes
0.05,5,150,0.5,0.2,0.3,toroidal,0.3,143,0,100.0,0.0,Yes
0.05,5,150,0.3,0.5,0.2,toroidal,0.3,143,0,100.0,0.0,Yes
0.05,5,150,0.2,0.6,0.2,toroidal,0.3,126,17,88.1118881118881,11.888111888111888,No
0.05,5,150,0.6,0.2,0.2,toroidal,0.3,143,0,100.0,0.0,Yes
0.05,5,150,0.45,0.45,0.1,toroidal,0.3,143,0,100.0,0.0,Yes
0.05,5,150,0.33,0.33,0.34,toroidal,0.3,143,0,100.0,0.0,Yes
0.05,5,150,0.25,0.5,0.25,toroidal,0.3,143,0,100.0,0.0,Yes
0.05,5,150,0.2,0.4,0.4,toroidal,0.3,143,0,100.0,0.0,Yes
0.05,5,150,0.7,0.2,0.1,toroidal,0.3,143,0,100.0,0.0,Yes
0.05,5,150,0.55,0.25,0.2,toroidal,0.3,143,0,100.0,0.0,Yes
0.05,5,150,0.35,0.5,0.15,toroidal,0.3,143,0,100.0,0.0,Yes
0.05,5,150,0.3,0.4,0.3,toroidal,0.3,143,0,100.0,0.0,Yes
0.05,5,150,0.1,0.7,0.2,toroidal,0.3,100,43,69.93006993006993,30.06993006993007,No
0.05,10,100,0.6,0.3,0.1,toroidal,0.3,90,0,100.0,0.0,Yes
0.05,10,100,0.5,0.4,0.1,toroidal,0.3,90,0,100.0,0.0,Yes
0.05,10,100,0.4,0.4,0.2,toroidal,0.3,90,0,100.0,0.0,Yes
0.05,10,100,0.5,0.2,0.3,toroidal,0.3,90,0,100.0,0.0,Yes
0.05,10,100,0.3,0.5,0.2,toroidal,0.3,90,0,100.0,0.0,Yes
0.05,10,100,0.2,0.6,0.2,toroidal,0.3,80,10,88.88888888888889,11.11111111111111,No
0.05,10,100,0.6,0.2,0.2,toroidal,0.3,90,0,100.0,0.0,Yes
0.05,10,100,0.45,0.45,0.1,toroidal,0.3,90,0,100.0,0.0,Yes
0.05,10,100,0.33,0.33,0.34,toroidal,0.3,90,0,100.0,0.0,Yes
0.05,10,100,0.25,0.5,0.25,toroidal,0.3,90,0,100.0,0.0,Yes
0.05,10,100,0.2,0.4,0.4,toroidal,0.3,90,0,100.0,0.0,Yes
0.05,10,100,0.7,0.2,0.1,toroidal,0.3,90,0,100.0,0.0,Yes
0.05,10,100,0.55,0.25,0.2,toroidal,0.3,90,0,100.0,0.0,Yes
0.05,10,100,0.35,0.5,0.15,toroidal,0.3,90,0,100.0,0.0,Yes
0.05,10,100,0.3,0.4,0.3,toroidal,0.3,90,0,100.0,0.0,Yes
0.05,10,100,0.1,0.7,0.2,toroidal,0.3,67,23,74.44444444444444,25.555555555555557,No
0.05,10,150,0.6,0.3,0.1,toroidal,0.3,135,0,100.0,0.0,Yes
0.05,10,150,0.5,0.4,0.1,toroidal,0.3,135,0,100.0,0.0,Yes
0.05,10,150,0.4,0.4,0.2,toroidal,0.3,135,0,100.0,0.0,Yes
0.05,10,150,0.5,0.2,0.3,toroidal,0.3,135,0,100.0,0.0,Yes
0.05,10,150,0.3,0.5,0.2,toroidal,0.3,135,0,100.0,0.0,Yes
0.05,10,150,0.2,0.6,0.2,toroidal,0.3,121,14,89.62962962962963,10.37037037037037,No
0.05,10,150,0.6,0.2,0.2,toroidal,0.3,135,0,100.0,0.0,Yes
0.05,10,150,0.45,0.45,0.1,toroidal,0.3,135,0,100.0,0.0,Yes
0.05,10,150,0.33,0.33,0.34,toroidal,0.3,135,0,100.0,0.0,Yes
0.05,10,150,0.25,0.5,0.25,toroidal,0.3,135,0,100.0,0.0,Yes
0.05,10,150,0.2,0.4,0.4,toroidal,0.3,135,0,100.0,0.0,Yes
0.05,10,150,0.7,0.2,0.1,toroidal,0.3,135,0,100.0,0.0,Yes
0.05,10,150,0.55,0.25,0.2,toroidal,0.3,135,0,100.0,0.0,Yes
0.05,10,150,0.35,0.5,0.15,toroidal,0.3,135,0,100.0,0.0,Yes
0.05,10,150,0.3,0.4,0.3,toroidal,0.3,135,0,100.0,0.0,Yes
0.05,10,150,0.1,0.7,0.2,toroidal,0.3,90,45,66.66666666666667,33.333333333333336,No
0.1,0,100,0.6,0.3,0.1,toroidal,0.3,99,0,100.0,0.0,Yes
0.1,0,100,0.5,0.4,0.1,toroidal,0.3,99,0,100.0,0.0,Yes
0.1,0,100,0.4,0.4,0.2,toroidal,0.3,99,0,100.0,0.0,Yes
0.1,0,100,0.5,0.2,0.3,toroidal,0.3,99,0,100.0,0.0,Yes
0.1,0,100,0.3,0.5,0.2,toroidal,0.3,99,0,100.0,0.0,Yes
0.1,0,100,0.2,0.6,0.2,toroidal,0.3,92,7,92.92929292929293,7.070707070707071,Yes
0.1,0,100,0.6,0.2,0.2,toroidal,0.3,99,0,100.0,0.0,Yes
0.1,0,100,0.45,0.45,0.1,toroidal,0.3,99,0,100.0,0.0,Yes
0.1,0,100,0.33,0.33,0.34,toroidal,0.3,99,0,100.0,0.0,Yes
0.1,0,100,0.25,0.5,0.25,toroidal,0.3,99,0,100.0,0.0,Yes
0.1,0,100,0.2,0.4,0.4,toroidal,0.3,99,0,100.0,0.0,Yes
0.1,0,100,0.7,0.2,0.1,toroidal,0.3,99,0,100.0,0.0,Yes
0.1,0,100,0.55,0.25,0.2,toroidal,0.3,99,0,100.0,0.0,Yes
0.1,0,100,0.35,0.5,0.15,toroidal,0.3,99,0,100.0,0.0,Yes
0.1,0,100,0.3,0.4,0.3,toroidal,0.3,99,0,100.0,0.0,Yes
0.1,0,100,0.1,0.7,0.2,toroidal,0.3,64,35,64.64646464646465,35.35353535353536,No
0.1,0,150,0.6,0.3,0.1,toroidal,0.3,149,0,100.0,0.0,Yes
0.1,0,150,0.5,0.4,0.1,toroidal,0.3,149,0,100.0,0.0,Yes
0.1,0,150,0.4,0.4,0.2,toroidal,0.3,149,0,100.0,0.0,Yes
0.1,0,150,0.5,0.2,0.3,toroidal,0.3,149,0,100.0,0.0,Yes
0.1,0,150,0.3,0.5,0.2,toroidal,0.3,149,0,100.0,0.0,Yes
0.1,0,150,0.2,0.6,0.2,toroidal,0.3,135,14,90.60402684563758,9.395973154362416,Yes
0.1,0,150,0.6,0.2,0.2,toroidal,0.3,149,0,100.0,0.0,Yes
0.1,0,150,0.45,0.45,0.1,toroidal,0.3,149,0,100.0,0.0,Yes
0.1,0,150,0.33,0.33,0.34,toroidal,0.3,149,0,100.0,0.0,Yes
0.1,0,150,0.25,0.5,0.25,toroidal,0.3,149,0,100.0,0.0,Yes
0.1,0,150,0.2,0.4,0.4,toroidal,0.3,149,0,100.0,0.0,Yes
0.1,0,150,0.7,0.2,0.1,toroidal,0.3,149,0,100.0,0.0,Yes
0.1,0,150,0.55,0.25,0.2,toroidal,0.3,149,0,100.0,0.0,Yes
0.1,0,150,0.35,0.5,0.15,toroidal,0.3,149,0,100.0,0.0,Yes
0.1,0,150,0.3,0.4,0.3,toroidal,0.3,149,0,100.0,0.0,Yes
0.1,0,150,0.1,0.7,0.2,toroidal,0.3,110,39,73.8255033557047,26.174496644295303,No
0.1,5,100,0.6,0.3,0.1,toroidal,0.3,95,0,100.0,0.0,Yes
0.1,5,100,0.5,0.4,0.1,toroidal,0.3,95,0,100.0,0.0,Yes
0.1,5,100,0.4,0.4,0.2,toroidal,0.3,95,0,100.0,0.0,Yes
0.1,5,100,0.5,0.2,0.3,toroidal,0.3,95,0,100.0,0.0,Yes
0.1,5,100,0.3,0.5,0.2,toroidal,0.3,95,0,100.0,0.0,Yes
0.1,5,100,0.2,0.6,0.2,toroidal,0.3,86,9,90.52631578947368,9.473684210526315,Yes
0.1,5,100,0.6,0.2,0.2,toroidal,0.3,95,0,100.0,0.0,Yes
0.1,5,100,0.45,0.45,0.1,toroidal,0.3,95,0,100.0,0.0,Yes
0.1,5,100,0.33,0.33,0.34,toroidal,0.3,95,0,100.0,0.0,Yes
0.1,5,100,0.25,0.5,0.25,toroidal,0.3,95,0,100.0,0.0,Yes
0.1,5,100,0.2,0.4,0.4,toroidal,0.3,95,0,100.0,0.0,Yes
0.1,5,100,0.7,0.2,0.1,toroidal,0.3,95,0,100.0,0.0,Yes
0.1,5,100,0.55,0.25,0.2,toroidal,0.3,95,0,100.0,0.0,Yes
0.1,5,100,0.35,0.5,0.15,toroidal,0.3,95,0,100.0,0.0,Yes
0.1,5,100,0.3,0.4,0.3,toroidal,0.3,95,0,100.0,0.0,Yes
0.1,5,100,0.1,0.7,0.2,toroidal,0.3,69,26,72.63157894736842,27.36842105263158,No
0.1,5,150,0.6,0.3,0.1,toroidal,0.3,143,0,100.0,0.0,Yes
0.1,5,150,0.5,0.4,0.1,toroidal,0.3,143,0,100.0,0.0,Yes
0.1,5,150,0.4,0.4,0.2,toroidal,0.3,143,0,100.0,0.0,Yes
0.1,5,150,0.5,0.2,0.3,toroidal,0.3,143,0,100.0,0.0,Yes
0.1,5,150,0.3,0.5,0.2,toroidal,0.3,143,0,100.0,0.0,Yes
0.1,5,150,0.2,0.6,0.2,toroidal,0.3,127,16,88.81118881118881,11.188811188811188,No
0.1,5,150,0.6,0.2,0.2,toroidal,0.3,143,0,100.0,0.0,Yes
0.1,5,150,0.45,0.45,0.1,toroidal,0.3,143,0,100.0,0.0,Yes
0.1,5,150,0.33,0.33,0.34,toroidal,0.3,143,0,100.0,0.0,Yes
0.1,5,150,0.25,0.5,0.25,toroidal,0.3,143,0,100.0,0.0,Yes
0.1,5,150,0.2,0.4,0.4,toroidal,0.3,143,0,100.0,0.0,Yes
0.1,5,150,0.7,0.2,0.1,toroidal,0.3,143,0,100.0,0.0,Yes
0.1,5,150,0.55,0.25,0.2,toroidal,0.3,143,0,100.0,0.0,Yes
0.1,5,150,0.35,0.5,0.15,toroidal,0.3,143,0,100.0,0.0,Yes
0.1,5,150,0.3,0.4,0.3,toroidal,0.3,143,0,100.0,0.0,Yes
0.1,5,150,0.1,0.7,0.2,toroidal,0.3,98,45,68.53146853146853,31.46853146853147,No
0.1,10,100,0.6,0.3,0.1,toroidal,0.3,90,0,100.0,0.0,Yes
0.1,10,100,0.5,0.4,0.1,toroidal,0.3,90,0,100.0,0.0,Yes
0.1,10,100,0.4,0.4,0.2,toroidal,0.3,90,0,100.0,0.0,Yes
0.1,10,100,0.5,0.2,0.3,toroidal,0.3,90,0,100.0,0.0,Yes
0.1,10,100,0.3,0.5,0.2,toroidal,0.3,90,0,100.0,0.0,Yes
0.1,10,100,0.2,0.6,0.2,toroidal,0.3,77,13,85.55555555555556,14.444444444444445,No
0.1,10,100,0.6,0.2,0.2,toroidal,0.3,90,0,100.0,0.0,Yes
0.1,10,100,0.45,0.45,0.1,toroidal,0.3,90,0,100.0,0.0,Yes
0.1,10,100,0.33,0.33,0.34,toroidal,0.3,90,0,100.0,0.0,Yes
0.1,10,100,0.25,0.5,0.25,toroidal,0.3,90,0,100.0,0.0,Yes
0.1,10,100,0.2,0.4,0.4,toroidal,0.3,90,0,100.0,0.0,Yes
0.1,10,100,0.7,0.2,0.1,toroidal,0.3,90,0,100.0,0.0,Yes
0.1,10,100,0.55,0.25,0.2,toroidal,0.3,90,0,100.0,0.0,Yes
0.1,10,100,0.35,0.5,0.15,toroidal,0.3,90,0,100.0,0.0,Yes
0.1,10,100,0.3,0.4,0.3,toroidal,0.3,90,0,100.0,0.0,Yes
0.1,10,100,0.1,0.7,0.2,toroidal,0.3,69,21,76.66666666666667,23.333333333333332,No
0.1,10,150,0.6,0.3,0.1,toroidal,0.3,135,0,100.0,0.0,Yes
0.1,10,150,0.5,0.4,0.1,toroidal,0.3,135,0,100.0,0.0,Yes
0.1,10,150,0.4,0.4,0.2,toroidal,0.3,135,0,100.0,0.0,Yes
0.1,10,150,0.5,0.2,0.3,toroidal,0.3,135,0,100.0,0.0,Yes
0.1,10,150,0.3,0.5,0.2,toroidal,0.3,135,0,100.0,0.0,Yes
0.1,10,150,0.2,0.6,0.2,toroidal,0.3,117,18,86.66666666666667,13.333333333333334,No
0.1,10,150,0.6,0.2,0.2,toroidal,0.3,135,0,100.0,0.0,Yes
0.1,10,150,0.45,0.45,0.1,toroidal,0.3,135,0,100.0,0.0,Yes
0.1,10,150,0.33,0.33,0.34,toroidal,0.3,135,0,100.0,0.0,Yes
0.1,10,150,0.25,0.5,0.25,toroidal,0.3,135,0,100.0,0.0,Yes
0.1,10,150,0.2,0.4,0.4,toroidal,0.3,135,0,100.0,0.0,Yes
0.1,10,150,0.7,0.2,0.1,toroidal,0.3,135,0,100.0,0.0,Yes
0.1,10,150,0.55,0.25,0.2,toroidal,0.3,135,0,100.0,0.0,Yes
0.1,10,150,0.35,0.5,0.15,toroidal,0.3,135,0,100.0,0.0,Yes
0.1,10,150,0.3,0.4,0.3,toroidal,0.3,135,0,100.0,0.0,Yes
0.1,10,150,0.1,0.7,0.2,toroidal,0.3,92,43,68.14814814814815,31.85185185185185,No
0.15,0,100,0.6,0.3,0.1,toroidal,0.3,99,0,100.0,0.0,Yes
0.15,0,100,0.5,0.4,0.1,toroidal,0.3,99,0,100.0,0.0,Yes
0.15,0,100,0.4,0.4,0.2,toroidal,0.3,99,0,100.0,0.0,Yes
0.15,0,100,0.5,0.2,0.3,toroidal,0.3,99,0,100.0,0.0,Yes
0.15,0,100,0.3,0.5,0.2,toroidal,0.3,99,0,100.0,0.0,Yes
0.15,0,100,0.2,0.6,0.2,toroidal,0.3,95,4,95.95959595959596,4.040404040404041,Yes
0.15,0,100,0.6,0.2,0.2,toroidal,0.3,99,0,100.0,0.0,Yes
0.15,0,100,0.45,0.45,0.1,toroidal,0.3,99,0,100.0,0.0,Yes
0.15,0,100,0.33,0.33,0.34,toroidal,0.3,99,0,100.0,0.0,Yes
0.15,0,100,0.25,0.5,0.25,toroidal,0.3,99,0,100.0,0.0,Yes
0.15,0,100,0.2,0.4,0.4,toroidal,0.3,99,0,100.0,0.0,Yes
0.15,0,100,0.7,0.2,0.1,toroidal,0.3,99,0,100.0,0.0,Yes
0.15,0,100,0.55,0.25,0.2,toroidal,0.3,99,0,100.0,0.0,Yes
0.15,0,100,0.35,0.5,0.15,toroidal,0.3,99,0,100.0,0.0,Yes
0.15,0,100,0.3,0.4,0.3,toroidal,0.3,99,0,100.0,0.0,Yes
0.15,0,100,0.1,0.7,0.2,toroidal,0.3,70,29,70.70707070707071,29.292929292929294,No
0.15,0,150,0.6,0.3,0.1,toroidal,0.3,149,0,100.0,0.0,Yes
0.15,0,150,0.5,0.4,0.1,toroidal,0.3,149,0,100.0,0.0,Yes
0.15,0,150,0.4,0.4,0.2,toroidal,0.3,149,0,100.0,0.0,Yes
0.15,0,150,0.5,0.2,0.3,toroidal,0.3,149,0,100.0,0.0,Yes
0.15,0,150,0.3,0.5,0.2,toroidal,0.3,149,0,100.0,0.0,Yes
0.15,0,150,0.2,0.6,0.2,toroidal,0.3,138,11,92.61744966442953,7.382550335570469,Yes
0.15,0,150,0.6,0.2,0.2,toroidal,0.3,149,0,100.0,0.0,Yes
0.15,0,150,0.45,0.45,0.1,toroidal,0.3,149,0,100.0,0.0,Yes
0.15,0,150,0.33,0.33,0.34,toroidal,0.3,149,0,100.0,0.0,Yes
0.15,0,150,0.25,0.5,0.25,toroidal,0.3,148,1,99.32885906040268,0.6711409395973155,Yes
0.15,0,150,0.2,0.4,0.4,toroidal,0.3,149,0,100.0,0.0,Yes
0.15,0,150,0.7,0.2,0.1,toroidal,0.3,149,0,100.0,0.0,Yes
0.15,0,150,0.55,0.25,0.2,toroidal,0.3,149,0,100.0,0.0,Yes
0.15,0,150,0.35,0.5,0.15,toroidal,0.3,149,0,100.0,0.0,Yes
0.15,0,150,0.3,0.4,0.3,toroidal,0.3,149,0,100.0,0.0,Yes
0.15,0,150,0.1,0.7,0.2,toroidal,0.3,106,43,71.14093959731544,28.859060402684563,No
0.15,5,100,0.6,0.3,0.1,toroidal,0.3,95,0,100.0,0.0,Yes
0.15,5,100,0.5,0.4,0.1,toroidal,0.3,95,0,100.0,0.0,Yes
0.15,5,100,0.4,0.4,0.2,toroidal,0.3,95,0,100.0,0.0,Yes
0.15,5,100,0.5,0.2,0.3,toroidal,0.3,95,0,100.0,0.0,Yes
0.15,5,100,0.3,0.5,0.2,toroidal,0.3,95,0,100.0,0.0,Yes
0.15,5,100,0.2,0.6,0.2,toroidal,0.3,87,8,91.57894736842105,8.421052631578947,Yes
0.15,5,100,0.6,0.2,0.2,toroidal,0.3,95,0,100.0,0.0,Yes
0.15,5,100,0.45,0.45,0.1,toroidal,0.3,95,0,100.0,0.0,Yes
0.15,5,100,0.33,0.33,0.34,toroidal,0.3,95,0,100.0,0.0,Yes
0.15,5,100,0.25,0.5,0.25,toroidal,0.3,95,0,100.0,0.0,Yes
0.15,5,100,0.2,0.4,0.4,toroidal,0.3,95,0,100.0,0.0,Yes
0.15,5,100,0.7,0.2,0.1,toroidal,0.3,95,0,100.0,0.0,Yes
0.15,5,100,0.55,0.25,0.2,toroidal,0.3,95,0,100.0,0.0,Yes
0.15,5,100,0.35,0.5,0.15,toroidal,0.3,95,0,100.0,0.0,Yes
0.15,5,100,0.3,0.4,0.3,toroidal,0.3,95,0,100.0,0.0,Yes
0.15,5,100,0.1,0.7,0.2,toroidal,0.3,68,27,71.57894736842105,28.42105263157895,No
0.15,5,150,0.6,0.3,0.1,toroidal,0.3,143,0,100.0,0.0,Yes
0.15,5,150,0.5,0.4,0.1,toroidal,0.3,143,0,100.0,0.0,Yes
0.15,5,150,0.4,0.4,0.2,toroidal,0.3,143,0,100.0,0.0,Yes
0.15,5,150,0.5,0.2,0.3,toroidal,0.3,143,0,100.0,0.0,Yes
0.15,5,150,0.3,0.5,0.2,toroidal,0.3,143,0,100.0,0.0,Yes
0.15,5,150,0.2,0.6,0.2,toroidal,0.3,125,18,87.41258741258741,12.587412587412587,No
0.15,5,150,0.6,0.2,0.2,toroidal,0.3,143,0,100.0,0.0,Yes
0.15,5,150,0.45,0.45,0.1,toroidal,0.3,143,0,100.0,0.0,Yes
0.15,5,150,0.33,0.33,0.34,toroidal,0.3,143,0,100.0,0.0,Yes
0.15,5,150,0.25,0.5,0.25,toroidal,0.3,143,0,100.0,0.0,Yes
0.15,5,150,0.2,0.4,0.4,toroidal,0.3,143,0,100.0,0.0,Yes
0.15,5,150,0.7,0.2,0.1,toroidal,0.3,143,0,100.0,0.0,Yes
0.15,5,150,0.55,0.25,0.2,toroidal,0.3,143,0,100.0,0.0,Yes
0.15,5,150,0.35,0.5,0.15,toroidal,0.3,143,0,100.0,0.0,Yes
0.15,5,150,0.3,0.4,0.3,toroidal,0.3,143,0,100.0,0.0,Yes
0.15,5,150,0.1,0.7,0.2,toroidal,0.3,105,38,73.42657342657343,26.573426573426573,No
0.15,10,100,0.6,0.3,0.1,toroidal,0.3,90,0,100.0,0.0,Yes
0.15,10,100,0.5,0.4,0.1,toroidal,0.3,90,0,100.0,0.0,Yes
0.15,10,100,0.4,0.4,0.2,toroidal,0.3,90,0,100.0,0.0,Yes
0.15,10,100,0.5,0.2,0.3,toroidal,0.3,90,0,100.0,0.0,Yes
0.15,10,100,0.3,0.5,0.2,toroidal,0.3,90,0,100.0,0.0,Yes
0.15,10,100,0.2,0.6,0.2,toroidal,0.3,81,9,90.0,10.0,Yes
0.15,10,100,0.6,0.2,0.2,toroidal,0.3,90,0,100.0,0.0,Yes
0.15,10,100,0.45,0.45,0.1,toroidal,0.3,90,0,100.0,0.0,Yes
0.15,10,100,0.33,0.33,0.34,toroidal,0.3,90,0,100.0,0.0,Yes
0.15,10,100,0.25,0.5,0.25,toroidal,0.3,89,1,98.88888888888889,1.1111111111111112,Yes
0.15,10,100,0.2,0.4,0.4,toroidal,0.3,90,0,100.0,0.0,Yes
0.15,10,100,0.7,0.2,0.1,toroidal,0.3,90,0,100.0,0.0,Yes
0.15,10,100,0.55,0.25,0.2,toroidal,0.3,90,0,100.0,0.0,Yes
0.15,10,100,0.35,0.5,0.15,toroidal,0.3,90,0,100.0,0.0,Yes
0.15,10,100,0.3,0.4,0.3,toroidal,0.3,90,0,100.0,0.0,Yes
0.15,10,100,0.1,0.7,0.2,toroidal,0.3,71,19,78.88888888888889,21.11111111111111,No
0.15,10,150,0.6,0.3,0.1,toroidal,0.3,135,0,100.0,0.0,Yes
0.15,10,150,0.5,0.4,0.1,toroidal,0.3,135,0,100.0,0.0,Yes
0.15,10,150,0.4,0.4,0.2,toroidal,0.3,135,0,100.0,0.0,Yes
0.15,10,150,0.5,0.2,0.3,toroidal,0.3,135,0,100.0,0.0,Yes
0.15,10,150,0.3,0.5,0.2,toroidal,0.3,135,0,100.0,0.0,Yes
0.15,10,150,0.2,0.6,0.2,toroidal,0.3,117,18,86.66666666666667,13.333333333333334,No
0.15,10,150,0.6,0.2,0.2,toroidal,0.3,135,0,100.0,0.0,Yes
0.15,10,150,0.45,0.45,0.1,toroidal,0.3,135,0,100.0,0.0,Yes
0.15,10,150,0.33,0.33,0.34,toroidal,0.3,135,0,100.0,0.0,Yes
0.15,10,150,0.25,0.5,0.25,toroidal,0.3,135,0,100.0,0.0,Yes
0.15,10,150,0.2,0.4,0.4,toroidal,0.3,135,0,100.0,0.0,Yes
0.15,10,150,0.7,0.2,0.1,toroidal,0.3,135,0,100.0,0.0,Yes
0.15,10,150,0.55,0.25,0.2,toroidal,0.3,135,0,100.0,0.0,Yes
0.15,10,150,0.35,0.5,0.15,toroidal,0.3,135,0,100.0,0.0,Yes
0.15,10,150,0.3,0.4,0.3,toroidal,0.3,135,0,100.0,0.0,Yes
0.15,10,150,0.1,0.7,0.2,toroidal,0.3,93,42,68.88888888888889,31.11111111111111,No
0.2,0,100,0.6,0.3,0.1,toroidal,0.3,99,0,100.0,0.0,Yes
0.2,0,100,0.5,0.4,0.1,toroidal,0.3,99,0,100.0,0.0,Yes
0.2,0,100,0.4,0.4,0.2,toroidal,0.3,99,0,100.0,0.0,Yes
0.2,0,100,0.5,0.2,0.3,toroidal,0.3,99,0,100.0,0.0,Yes
0.2,0,100,0.3,0.5,0.2,toroidal,0.3,99,0,100.0,0.0,Yes
0.2,0,100,0.2,0.6,0.2,toroidal,0.3,86,13,86.86868686868686,13.131313131313131,No
0.2,0,100,0.6,0.2,0.2,toroidal,0.3,99,0,100.0,0.0,Yes
0.2,0,100,0.45,0.45,0.1,toroidal,0.3,99,0,100.0,0.0,Yes
0.2,0,100,0.33,0.33,0.34,toroidal,0.3,99,0,100.0,0.0,Yes
0.2,0,100,0.25,0.5,0.25,toroidal,0.3,99,0,100.0,0.0,Yes
0.2,0,100,0.2,0.4,0.4,toroidal,0.3,99,0,100.0,0.0,Yes
0.2,0,100,0.7,0.2,0.1,toroidal,0.3,99,0,100.0,0.0,Yes
0.2,0,100,0.55,0.25,0.2,toroidal,0.3,99,0,100.0,0.0,Yes
0.2,0,100,0.35,0.5,0.15,toroidal,0.3,99,0,100.0,0.0,Yes
0.2,0,100,0.3,0.4,0.3,toroidal,0.3,99,0,100.0,0.0,Yes
0.2,0,100,0.1,0.7,0.2,toroidal,0.3,79,20,79.79797979797979,20.2020202020202,No
0.2,0,150,0.6,0.3,0.1,toroidal,0.3,149,0,100.0,0.0,Yes
0.2,0,150,0.5,0.4,0.1,toroidal,0.3,149,0,100.0,0.0,Yes
0.2,0,150,0.4,0.4,0.2,toroidal,0.3,149,0,100.0,0.0,Yes
0.2,0,150,0.5,0.2,0.3,toroidal,0.3,149,0,100.0,0.0,Yes
0.2,0,150,0.3,0.5,0.2,toroidal,0.3,149,0,100.0,0.0,Yes
0.2,0,150,0.2,0.6,0.2,toroidal,0.3,131,18,87.91946308724832,12.080536912751677,No
0.2,0,150,0.6,0.2,0.2,toroidal,0.3,149,0,100.0,0.0,Yes
0.2,0,150,0.45,0.45,0.1,toroidal,0.3,149,0,100.0,0.0,Yes
0.2,0,150,0.33,0.33,0.34,toroidal,0.3,149,0,100.0,0.0,Yes
0.2,0,150,0.25,0.5,0.25,toroidal,0.3,149,0,100.0,0.0,Yes
0.2,0,150,0.2,0.4,0.4,toroidal,0.3,149,0,100.0,0.0,Yes
0.2,0,150,0.7,0.2,0.1,toroidal,0.3,149,0,100.0,0.0,Yes
0.2,0,150,0.55,0.25,0.2,toroidal,0.3,149,0,100.0,0.0,Yes
0.2,0,150,0.35,0.5,0.15,toroidal,0.3,149,0,100.0,0.0,Yes
0.2,0,150,0.3,0.4,0.3,toroidal,0.3,149,0,100.0,0.0,Yes
0.2,0,150,0.1,0.7,0.2,toroidal,0.3,99,50,66.44295302013423,33.557046979865774,No
0.2,5,100,0.6,0.3,0.1,toroidal,0.3,95,0,100.0,0.0,Yes
0.2,5,100,0.5,0.4,0.1,toroidal,0.3,95,0,100.0,0.0,Yes
0.2,5,100,0.4,0.4,0.2,toroidal,0.3,95,0,100.0,0.0,Yes
0.2,5,100,0.5,0.2,0.3,toroidal,0.3,95,0,100.0,0.0,Yes
0.2,5,100,0.3,0.5,0.2,toroidal,0.3,95,0,100.0,0.0,Yes
0.2,5,100,0.2,0.6,0.2,toroidal,0.3,80,15,84.21052631578948,15.789473684210526,No
0.2,5,100,0.6,0.2,0.2,toroidal,0.3,95,0,100.0,0.0,Yes
0.2,5,100,0.45,0.45,0.1,toroidal,0.3,95,0,100.0,0.0,Yes
0.2,5,100,0.33,0.33,0.34,toroidal,0.3,95,0,100.0,0.0,Yes
0.2,5,100,0.25,0.5,0.25,toroidal,0.3,95,0,100.0,0.0,Yes
0.2,5,100,0.2,0.4,0.4,toroidal,0.3,95,0,100.0,0.0,Yes
0.2,5,100,0.7,0.2,0.1,toroidal,0.3,95,0,100.0,0.0,Yes
0.2,5,100,0.55,0.25,0.2,toroidal,0.3,95,0,100.0,0.0,Yes
0.2,5,100,0.35,0.5,0.15,toroidal,0.3,95,0,100.0,0.0,Yes
0.2,5,100,0.3,0.4,0.3,toroidal,0.3,95,0,100.0,0.0,Yes
0.2,5,100,0.1,0.7,0.2,toroidal,0.3,76,19,80.0,20.0,No
0.2,5,150,0.6,0.3,0.1,toroidal,0.3,143,0,100.0,0.0,Yes
0.2,5,150,0.5,0.4,0.1,toroidal,0.3,143,0,100.0,0.0,Yes
0.2,5,150,0.4,0.4,0.2,toroidal,0.3,143,0,100.0,0.0,Yes
0.2,5,150,0.5,0.2,0.3,toroidal,0.3,143,0,100.0,0.0,Yes
0.2,5,150,0.3,0.5,0.2,toroidal,0.3,143,0,100.0,0.0,Yes
0.2,5,150,0.2,0.6,0.2,toroidal,0.3,126,17,88.1118881118881,11.888111888111888,No
0.2,5,150,0.6,0.2,0.2,toroidal,0.3,143,0,100.0,0.0,Yes
0.2,5,150,0.45,0.45,0.1,toroidal,0.3,143,0,100.0,0.0,Yes
0.2,5,150,0.33,0.33,0.34,toroidal,0.3,143,0,100.0,0.0,Yes
0.2,5,150,0.25,0.5,0.25,toroidal,0.3,143,0,100.0,0.0,Yes
0.2,5,150,0.2,0.4,0.4,toroidal,0.3,143,0,100.0,0.0,Yes
0.2,5,150,0.7,0.2,0.1,toroidal,0.3,143,0,100.0,0.0,Yes
0.2,5,150,0.55,0.25,0.2,toroidal,0.3,143,0,100.0,0.0,Yes
0.2,5,150,0.35,0.5,0.15,toroidal,0.3,143,0,100.0,0.0,Yes
0.2,5,150,0.3,0.4,0.3,toroidal,0.3,143,0,100.0,0.0,Yes
0.2,5,150,0.1,0.7,0.2,toroidal,0.3,97,46,67.83216783216783,32.16783216783217,No
0.2,10,100,0.6,0.3,0.1,toroidal,0.3,90,0,100.0,0.0,Yes
0.2,10,100,0.5,0.4,0.1,toroidal,0.3,90,0,100.0,0.0,Yes
0.2,10,100,0.4,0.4,0.2,toroidal,0.3,90,0,100.0,0.0,Yes
0.2,10,100,0.5,0.2,0.3,toroidal,0.3,90,0,100.0,0.0,Yes
0.2,10,100,0.3,0.5,0.2,toroidal,0.3,90,0,100.0,0.0,Yes
0.2,10,100,0.2,0.6,0.2,toroidal,0.3,76,14,84.44444444444444,15.555555555555555,No
0.2,10,100,0.6,0.2,0.2,toroidal,0.3,90,0,100.0,0.0,Yes
0.2,10,100,0.45,0.45,0.1,toroidal,0.3,90,0,100.0,0.0,Yes
0.2,10,100,0.33,0.33,0.34,toroidal,0.3,90,0,100.0,0.0,Yes
0.2,10,100,0.25,0.5,0.25,toroidal,0.3,90,0,100.0,0.0,Yes
0.2,10,100,0.2,0.4,0.4,toroidal,0.3,90,0,100.0,0.0,Yes
0.2,10,100,0.7,0.2,0.1,toroidal,0.3,90,0,100.0,0.0,Yes
0.2,10,100,0.55,0.25,0.2,toroidal,0.3,90,0,100.0,0.0,Yes
0.2,10,100,0.35,0.5,0.15,toroidal,0.3,90,0,100.0,0.0,Yes
0.2,10,100,0.3,0.4,0.3,toroidal,0.3,90,0,100.0,0.0,Yes
0.2,10,100,0.1,0.7,0.2,toroidal,0.3,63,27,70.0,30.0,No
0.2,10,150,0.6,0.3,0.1,toroidal,0.3,135,0,100.0,0.0,Yes
0.2,10,150,0.5,0.4,0.1,toroidal,0.3,135,0,100.0,0.0,Yes
0.2,10,150,0.4,0.4,0.2,toroidal,0.3,135,0,100.0,0.0,Yes
0.2,10,150,0.5,0.2,0.3,toroidal,0.3,135,0,100.0,0.0,Yes
0.2,10,150,0.3,0.5,0.2,toroidal,0.3,135,0,100.0,0.0,Yes
0.2,10,150,0.2,0.6,0.2,toroidal,0.3,124,11,91.85185185185185,8.148148148148149,Yes
0.2,10,150,0.6,0.2,0.2,toroidal,0.3,135,0,100.0,0.0,Yes
0.2,10,150,0.45,0.45,0.1,toroidal,0.3,135,0,100.0,0.0,Yes
0.2,10,150,0.33,0.33,0.34,toroidal,0.3,135,0,100.0,0.0,Yes
0.2,10,150,0.25,0.5,0.25,toroidal,0.3,135,0,100.0,0.0,Yes
0.2,10,150,0.2,0.4,0.4,toroidal,0.3,135,0,100.0,0.0,Yes
0.2,10,150,0.7,0.2,0.1,toroidal,0.3,135,0,100.0,0.0,Yes
0.2,10,150,0.55,0.25,0.2,toroidal,0.3,135,0,100.0,0.0,Yes
0.2,10,150,0.35,0.5,0.15,toroidal,0.3,135,0,100.0,0.0,Yes
0.2,10,150,0.3,0.4,0.3,toroidal,0.3,135,0,100.0,0.0,Yes
0.2,10,150,0.1,0.7,0.2,toroidal,0.3,99,36,73.33333333333333,26.666666666666668,No
